-------------------기본 데이터 입력
--- pay
Insert into DEPT (DENUM,DENAME) values (100,'인사부');
Insert into DEPT (DENUM,DENAME) values (200,'총무부');
Insert into DEPT (DENUM,DENAME) values (300,'영업부');
Insert into DEPT (DENUM,DENAME) values (400,'전산부');
Insert into DEPT (DENUM,DENAME) values (500,'기획부');
Insert into DEPT (DENUM,DENAME) values (999,'관리자');

select * from member;

--- member
Insert into MEMBER (MEMNUM,MEMNAME,MEMADDR,MEMPWD,MEMPROFILE,MEMJOB,MEMAUTH,MEMMAIL,MEMINMAIL,MEMMGR,MEMDEPT,MEMHIRE,MEMRESIGN,MEMBIRTH,MEMSIGNIMG) values (1,'sumware','판교','1004','sumware.jpg','sumware',1,'sumware@naver.com','sumware',null,999,to_date('15/07/18','RR/MM/DD'),null,null,'1.JPG');
Insert into SUM.MEMBER (MEMNUM,MEMNAME,MEMADDR,MEMPWD,MEMPROFILE,MEMJOB,MEMAUTH,MEMMAIL,MEMINMAIL,MEMMGR,MEMDEPT,MEMHIRE,MEMRESIGN,MEMBIRTH,MEMSIGNIMG) values (10000,'김명준','서울','1004','kmj.jpg','대표이사',1,'kmj85skier@naver.com','mjkim',1,100,to_date('15/07/18','RR/MM/DD'),null,null,'mjsign.jpg');
Insert into SUM.MEMBER (MEMNUM,MEMNAME,MEMADDR,MEMPWD,MEMPROFILE,MEMJOB,MEMAUTH,MEMMAIL,MEMINMAIL,MEMMGR,MEMDEPT,MEMHIRE,MEMRESIGN,MEMBIRTH,MEMSIGNIMG) values (10001,'김주상','경기','1004','kjs.jpg','이사',2,'kjs@naver.com','jskim',10000,100,to_date('15/07/18','RR/MM/DD'),null,null,'jssign.jpg');
Insert into SUM.MEMBER (MEMNUM,MEMNAME,MEMADDR,MEMPWD,MEMPROFILE,MEMJOB,MEMAUTH,MEMMAIL,MEMINMAIL,MEMMGR,MEMDEPT,MEMHIRE,MEMRESIGN,MEMBIRTH,MEMSIGNIMG) values (10002,'홍명표','463/820/경기 성남시 분당구 서현동 23-1/고시원','1004','man19_1437723650748.jpg','부장',3,'hmp@naver.com','mphong',10001,100,to_date('15/07/18','RR/MM/DD'),null,null,'1.JPG');
Insert into SUM.MEMBER (MEMNUM,MEMNAME,MEMADDR,MEMPWD,MEMPROFILE,MEMJOB,MEMAUTH,MEMMAIL,MEMINMAIL,MEMMGR,MEMDEPT,MEMHIRE,MEMRESIGN,MEMBIRTH,MEMSIGNIMG) values (10003,'김성호','대구','1004','ksh.jpg','팀장',4,'ksh@naver.com','shkim',10002,100,to_date('15/07/18','RR/MM/DD'),null,null,'1.JPG');
Insert into SUM.MEMBER (MEMNUM,MEMNAME,MEMADDR,MEMPWD,MEMPROFILE,MEMJOB,MEMAUTH,MEMMAIL,MEMINMAIL,MEMMGR,MEMDEPT,MEMHIRE,MEMRESIGN,MEMBIRTH,MEMSIGNIMG) values (10004,'모하람','대전','1004','mhr.jpg','부장',3,'mhr@naver.com','hrmo',10001,200,to_date('15/07/18','RR/MM/DD'),null,null,'signm.jpg');
Insert into SUM.MEMBER (MEMNUM,MEMNAME,MEMADDR,MEMPWD,MEMPROFILE,MEMJOB,MEMAUTH,MEMMAIL,MEMINMAIL,MEMMGR,MEMDEPT,MEMHIRE,MEMRESIGN,MEMBIRTH,MEMSIGNIMG) values (10005,'김영은','부산','1004','kye.jpg','사원',5,'kye@naver.com','yekim',10000,300,to_date('15/07/18','RR/MM/DD'),to_date('15/07/25','RR/MM/DD'),null,'1.JPG');
Insert into SUM.MEMBER (MEMNUM,MEMNAME,MEMADDR,MEMPWD,MEMPROFILE,MEMJOB,MEMAUTH,MEMMAIL,MEMINMAIL,MEMMGR,MEMDEPT,MEMHIRE,MEMRESIGN,MEMBIRTH,MEMSIGNIMG) values (10006,'안지영','435/832/경기 군포시 산본로 85-8 (당정동)/아파트','1004','woman7_1437723899248.jpg','팀장',4,'ajy@naver.com','jyan',10002,100,to_date('15/07/18','RR/MM/DD'),null,null,'1.JPG');
Insert into SUM.MEMBER (MEMNUM,MEMNAME,MEMADDR,MEMPWD,MEMPROFILE,MEMJOB,MEMAUTH,MEMMAIL,MEMINMAIL,MEMMGR,MEMDEPT,MEMHIRE,MEMRESIGN,MEMBIRTH,MEMSIGNIMG) values (10007,'김영은','463/410/경기 성남시 분당구 판교로197번길 46-5 (판교동)/판교역','1004','thmTG012YXU_1437733245657.jpg','팀장',4,'joosang0904@naver.com','kimye',10004,200,to_date('15/07/20','RR/MM/DD'),null,null,null);
Insert into SUM.MEMBER (MEMNUM,MEMNAME,MEMADDR,MEMPWD,MEMPROFILE,MEMJOB,MEMAUTH,MEMMAIL,MEMINMAIL,MEMMGR,MEMDEPT,MEMHIRE,MEMRESIGN,MEMBIRTH,MEMSIGNIMG) values (10020,'안영이','463/410/경기 성남시 분당구 판교로197번길 46-5 (판교동)/판교','1004','thm68YWUGJQ_1437730878017.jpg','팀장',4,'joosang0904@naver.com','anyy',10002,100,to_date('15/07/22','RR/MM/DD'),null,null,null);
Insert into SUM.MEMBER (MEMNUM,MEMNAME,MEMADDR,MEMPWD,MEMPROFILE,MEMJOB,MEMAUTH,MEMMAIL,MEMINMAIL,MEMMGR,MEMDEPT,MEMHIRE,MEMRESIGN,MEMBIRTH,MEMSIGNIMG) values (10021,'장그래','463/410/경기 성남시 분당구 판교로197번길 46-5 (판교동)/판교','1004','NaverBlog_20150124_173724_03_1437731080942.jpg','사원',5,'joosang0904@naver.com','janggr',10000,300,to_date('15/07/22','RR/MM/DD'),null,null,null);
Insert into SUM.MEMBER (MEMNUM,MEMNAME,MEMADDR,MEMPWD,MEMPROFILE,MEMJOB,MEMAUTH,MEMMAIL,MEMINMAIL,MEMMGR,MEMDEPT,MEMHIRE,MEMRESIGN,MEMBIRTH,MEMSIGNIMG) values (10022,'신민아','463/410/경기 성남시 분당구 판교로197번길 46-5 (판교동)/판교역','1004','thmLYGNJBRV_1437733053299.jpg','팀장',4,'joosang0904@naver.com','sinmin',10004,200,to_date('15/07/22','RR/MM/DD'),null,null,null);
Insert into SUM.MEMBER (MEMNUM,MEMNAME,MEMADDR,MEMPWD,MEMPROFILE,MEMJOB,MEMAUTH,MEMMAIL,MEMINMAIL,MEMMGR,MEMDEPT,MEMHIRE,MEMRESIGN,MEMBIRTH,MEMSIGNIMG) values (10040,'김길동','463/410/경기 성남시 분당구 판교로197번길 46-5 (판교동)/판교','1004','HGD_1437734323241.jpg','사원',5,'nomelcele@gmail.com','gildong3',10020,100,to_date('15/07/24','RR/MM/DD'),null,null,null);
Insert into SUM.MEMBER (MEMNUM,MEMNAME,MEMADDR,MEMPWD,MEMPROFILE,MEMJOB,MEMAUTH,MEMMAIL,MEMINMAIL,MEMMGR,MEMDEPT,MEMHIRE,MEMRESIGN,MEMBIRTH,MEMSIGNIMG) values (10043,'홍길동','463/410/경기 성남시 분당구 판교로197번길 46-5 (판교동)/판교역','1004','movie_image_1437734098581.jpg','사원',5,'nomelcele@gmail.com','honghong',10003,100,to_date('15/07/24','RR/MM/DD'),null,null,null);
Insert into SUM.MEMBER (MEMNUM,MEMNAME,MEMADDR,MEMPWD,MEMPROFILE,MEMJOB,MEMAUTH,MEMMAIL,MEMINMAIL,MEMMGR,MEMDEPT,MEMHIRE,MEMRESIGN,MEMBIRTH,MEMSIGNIMG) values (10042,'정수정','463/953/경기 성남시 분당구 판교로 20 (판교동, 판교원마을3단지아파트)/판교역','1004','thm3YG6WO7E_1437733998996.jpg','사원',5,'nomelcele@gmail.com','krystal',10020,100,to_date('15/07/24','RR/MM/DD'),null,null,null);
Insert into SUM.MEMBER (MEMNUM,MEMNAME,MEMADDR,MEMPWD,MEMPROFILE,MEMJOB,MEMAUTH,MEMMAIL,MEMINMAIL,MEMMGR,MEMDEPT,MEMHIRE,MEMRESIGN,MEMBIRTH,MEMSIGNIMG) values (10104,'도하진','435/831/경기 군포시 산본로 63 (당정동, 신한애자공업주식회사)/어딘가','1004','woman1_1437724071492.jpg','팀장',4,'joosang0904@naver.com','member1',10107,300,to_date('15/07/24','RR/MM/DD'),null,null,null);
Insert into SUM.MEMBER (MEMNUM,MEMNAME,MEMADDR,MEMPWD,MEMPROFILE,MEMJOB,MEMAUTH,MEMMAIL,MEMINMAIL,MEMMGR,MEMDEPT,MEMHIRE,MEMRESIGN,MEMBIRTH,MEMSIGNIMG) values (10105,'윤홍기','448/547/경기 용인시 수지구 죽전로238번길 78-2 (죽전동)/아파트','1004','man15_1437724119821.jpg','팀장',4,'joosang0904@naver.com','member2',10107,300,to_date('15/07/24','RR/MM/DD'),null,null,null);
Insert into SUM.MEMBER (MEMNUM,MEMNAME,MEMADDR,MEMPWD,MEMPROFILE,MEMJOB,MEMAUTH,MEMMAIL,MEMINMAIL,MEMMGR,MEMDEPT,MEMHIRE,MEMRESIGN,MEMBIRTH,MEMSIGNIMG) values (10106,'윤성현','463/410/경기 성남시 분당구 판교로197번길 46-5 (판교동)/판교역','1004','man3_1437724155813.jpg','사원',5,'joosang0904@naver.com','member3',10105,300,to_date('15/07/24','RR/MM/DD'),null,null,null);
Insert into SUM.MEMBER (MEMNUM,MEMNAME,MEMADDR,MEMPWD,MEMPROFILE,MEMJOB,MEMAUTH,MEMMAIL,MEMINMAIL,MEMMGR,MEMDEPT,MEMHIRE,MEMRESIGN,MEMBIRTH,MEMSIGNIMG) values (10107,'박경찬','463/953/경기 성남시 분당구 판교로 20 (판교동, 판교원마을3단지아파트)/판교역','1004','man13_1437724199099.jpg','부장',3,'joosang0904@naver.com','member4',10001,300,to_date('15/07/24','RR/MM/DD'),null,null,null);
Insert into SUM.MEMBER (MEMNUM,MEMNAME,MEMADDR,MEMPWD,MEMPROFILE,MEMJOB,MEMAUTH,MEMMAIL,MEMINMAIL,MEMMGR,MEMDEPT,MEMHIRE,MEMRESIGN,MEMBIRTH,MEMSIGNIMG) values (10108,'강지석','463/410/경기 성남시 분당구 판교로197번길 46-5 (판교동)/판교역','1004','man5_1437724285430.jpg','사원',5,'joosang0904@naver.com','member5',10118,500,to_date('15/07/24','RR/MM/DD'),null,null,null);
Insert into SUM.MEMBER (MEMNUM,MEMNAME,MEMADDR,MEMPWD,MEMPROFILE,MEMJOB,MEMAUTH,MEMMAIL,MEMINMAIL,MEMMGR,MEMDEPT,MEMHIRE,MEMRESIGN,MEMBIRTH,MEMSIGNIMG) values (10109,'경재욱','463/420/경기 성남시 분당구 판교역로 6 (백현동)/판교','1004','man8_1437724344188.jpg','사원',5,'joosang0904@naver.com','member6',10003,100,to_date('15/07/24','RR/MM/DD'),null,null,null);
Insert into SUM.MEMBER (MEMNUM,MEMNAME,MEMADDR,MEMPWD,MEMPROFILE,MEMJOB,MEMAUTH,MEMMAIL,MEMINMAIL,MEMMGR,MEMDEPT,MEMHIRE,MEMRESIGN,MEMBIRTH,MEMSIGNIMG) values (10110,'권혁민','463/410/경기 성남시 분당구 판교로209번길 57 (판교동)/판교','1004','man16_1437724380106.jpg','사원',5,'joosang0904@naver.com','member7',10006,100,to_date('15/07/24','RR/MM/DD'),null,null,null);
Insert into SUM.MEMBER (MEMNUM,MEMNAME,MEMADDR,MEMPWD,MEMPROFILE,MEMJOB,MEMAUTH,MEMMAIL,MEMINMAIL,MEMMGR,MEMDEPT,MEMHIRE,MEMRESIGN,MEMBIRTH,MEMSIGNIMG) values (10111,'김남혁','463/420/경기 성남시 분당구 판교역로2번길 1 (백현동)/판교','1004','man7_1437724489489.jpg','사원',5,'joosang0904@naver.com','member8',10116,400,to_date('15/07/24','RR/MM/DD'),null,null,null);
Insert into SUM.MEMBER (MEMNUM,MEMNAME,MEMADDR,MEMPWD,MEMPROFILE,MEMJOB,MEMAUTH,MEMMAIL,MEMINMAIL,MEMMGR,MEMDEPT,MEMHIRE,MEMRESIGN,MEMBIRTH,MEMSIGNIMG) values (10112,'서경연','463/953/경기 성남시 분당구 판교로 20 (판교동, 판교원마을3단지아파트)/판교','1004','woman2_1437724543740.jpg','사원',5,'joosang0904@naver.com','member9',10104,300,to_date('15/07/24','RR/MM/DD'),null,null,null);
Insert into SUM.MEMBER (MEMNUM,MEMNAME,MEMADDR,MEMPWD,MEMPROFILE,MEMJOB,MEMAUTH,MEMMAIL,MEMINMAIL,MEMMGR,MEMDEPT,MEMHIRE,MEMRESIGN,MEMBIRTH,MEMSIGNIMG) values (10113,'양주호','463/410/경기 성남시 분당구 판교로197번길 46-5 (판교동)/판교','1004','man12_1437724581073.jpg','사원',5,'joosang0904@naver.com','member10',10117,400,to_date('15/07/24','RR/MM/DD'),null,null,null);
Insert into SUM.MEMBER (MEMNUM,MEMNAME,MEMADDR,MEMPWD,MEMPROFILE,MEMJOB,MEMAUTH,MEMMAIL,MEMINMAIL,MEMMGR,MEMDEPT,MEMHIRE,MEMRESIGN,MEMBIRTH,MEMSIGNIMG) values (10114,'엄성렬','463/410/경기 성남시 분당구 판교로197번길 46-5 (판교동)/양재','1004','man1_1437724623425.jpg','사원',5,'joosang0904@naver.com','member11',10020,100,to_date('15/07/24','RR/MM/DD'),null,null,null);
Insert into SUM.MEMBER (MEMNUM,MEMNAME,MEMADDR,MEMPWD,MEMPROFILE,MEMJOB,MEMAUTH,MEMMAIL,MEMINMAIL,MEMMGR,MEMDEPT,MEMHIRE,MEMRESIGN,MEMBIRTH,MEMSIGNIMG) values (10115,'임현지','463/410/경기 성남시 분당구 판교로197번길 46-5 (판교동)/판교','1004','woman3_1437724658000.jpg','사원',5,'joosang0904@naver.com','member12',10003,100,to_date('15/07/24','RR/MM/DD'),null,null,null);
Insert into SUM.MEMBER (MEMNUM,MEMNAME,MEMADDR,MEMPWD,MEMPROFILE,MEMJOB,MEMAUTH,MEMMAIL,MEMINMAIL,MEMMGR,MEMDEPT,MEMHIRE,MEMRESIGN,MEMBIRTH,MEMSIGNIMG) values (10116,'윤여환','463/410/경기 성남시 분당구 판교로197번길 46-5 (판교동)/판교역','1004','man5_1437724699811.jpg','팀장',4,'joosang0904@naver.com','member13',10120,400,to_date('15/07/24','RR/MM/DD'),null,null,null);
Insert into SUM.MEMBER (MEMNUM,MEMNAME,MEMADDR,MEMPWD,MEMPROFILE,MEMJOB,MEMAUTH,MEMMAIL,MEMINMAIL,MEMMGR,MEMDEPT,MEMHIRE,MEMRESIGN,MEMBIRTH,MEMSIGNIMG) values (10117,'이인의','463/410/경기 성남시 분당구 판교로197번길 46-5 (판교동)/판교역','1004','man11_1437724742978.jpg','팀장',4,'joosang0904@naver.com','member14',10120,400,to_date('15/07/24','RR/MM/DD'),null,null,null);
Insert into SUM.MEMBER (MEMNUM,MEMNAME,MEMADDR,MEMPWD,MEMPROFILE,MEMJOB,MEMAUTH,MEMMAIL,MEMINMAIL,MEMMGR,MEMDEPT,MEMHIRE,MEMRESIGN,MEMBIRTH,MEMSIGNIMG) values (10118,'이재흥','463/410/경기 성남시 분당구 판교로197번길 46-5 (판교동)/판교','1004','man20_1437725393082.jpg','팀장',4,'joosang0904@naver.com','member15',10123,500,to_date('15/07/24','RR/MM/DD'),null,null,null);
Insert into SUM.MEMBER (MEMNUM,MEMNAME,MEMADDR,MEMPWD,MEMPROFILE,MEMJOB,MEMAUTH,MEMMAIL,MEMINMAIL,MEMMGR,MEMDEPT,MEMHIRE,MEMRESIGN,MEMBIRTH,MEMSIGNIMG) values (10119,'전영권','463/410/경기 성남시 분당구 판교로197번길 46-5 (판교동)/판교','1004','man21_1437725443627.jpg','팀장',4,'joosang0904@naver.com','member16',10123,500,to_date('15/07/24','RR/MM/DD'),null,null,null);
Insert into SUM.MEMBER (MEMNUM,MEMNAME,MEMADDR,MEMPWD,MEMPROFILE,MEMJOB,MEMAUTH,MEMMAIL,MEMINMAIL,MEMMGR,MEMDEPT,MEMHIRE,MEMRESIGN,MEMBIRTH,MEMSIGNIMG) values (10120,'조민영','463/410/경기 성남시 분당구 판교로197번길 46-5 (판교동)/판교','1004','woman4_1437725481513.jpg','부장',3,'joosang0904@naver.com','member17',10001,400,to_date('15/07/24','RR/MM/DD'),null,null,null);
Insert into SUM.MEMBER (MEMNUM,MEMNAME,MEMADDR,MEMPWD,MEMPROFILE,MEMJOB,MEMAUTH,MEMMAIL,MEMINMAIL,MEMMGR,MEMDEPT,MEMHIRE,MEMRESIGN,MEMBIRTH,MEMSIGNIMG) values (10121,'최영윤','463/410/경기 성남시 분당구 판교로197번길 46-5 (판교동)/판교역','1004','man22_1437725510650.jpg','사원',5,'joosang0904@naver.com','member18',10006,100,to_date('15/07/24','RR/MM/DD'),null,null,null);
Insert into SUM.MEMBER (MEMNUM,MEMNAME,MEMADDR,MEMPWD,MEMPROFILE,MEMJOB,MEMAUTH,MEMMAIL,MEMINMAIL,MEMMGR,MEMDEPT,MEMHIRE,MEMRESIGN,MEMBIRTH,MEMSIGNIMG) values (10122,'정혜영','463/410/경기 성남시 분당구 판교로197번길 46-5 (판교동)/판교','1004','woman10_1437725550937.jpg','사원',5,'joosang0904@naver.com','member19',10020,100,to_date('15/07/24','RR/MM/DD'),null,null,null);
Insert into SUM.MEMBER (MEMNUM,MEMNAME,MEMADDR,MEMPWD,MEMPROFILE,MEMJOB,MEMAUTH,MEMMAIL,MEMINMAIL,MEMMGR,MEMDEPT,MEMHIRE,MEMRESIGN,MEMBIRTH,MEMSIGNIMG) values (10123,'신호석','463/410/경기 성남시 분당구 판교동 480-2/판교','1004','man23_1437725591145.jpg','부장',3,'joosang0904@naver.com','member20',10001,500,to_date('15/07/24','RR/MM/DD'),null,null,null);
Insert into SUM.MEMBER (MEMNUM,MEMNAME,MEMADDR,MEMPWD,MEMPROFILE,MEMJOB,MEMAUTH,MEMMAIL,MEMINMAIL,MEMMGR,MEMDEPT,MEMHIRE,MEMRESIGN,MEMBIRTH,MEMSIGNIMG) values (10124,'이수인','463/410/경기 성남시 분당구 판교로197번길 46-5 (판교동)/판교역','1004','MAN30_1437725695321.jpg','사원',5,'joosang0904@naver.com','member21',10119,500,to_date('15/07/24','RR/MM/DD'),null,null,null);
Insert into SUM.MEMBER (MEMNUM,MEMNAME,MEMADDR,MEMPWD,MEMPROFILE,MEMJOB,MEMAUTH,MEMMAIL,MEMINMAIL,MEMMGR,MEMDEPT,MEMHIRE,MEMRESIGN,MEMBIRTH,MEMSIGNIMG) values (10125,'이경석','423/080/경기 광명시 노온사동 149-4/아파트','1004','man6_1437723785207.jpg','사원',5,'joosang0904@naver.com','member22',10117,400,to_date('15/07/24','RR/MM/DD'),null,null,null);
Insert into SUM.MEMBER (MEMNUM,MEMNAME,MEMADDR,MEMPWD,MEMPROFILE,MEMJOB,MEMAUTH,MEMMAIL,MEMINMAIL,MEMMGR,MEMDEPT,MEMHIRE,MEMRESIGN,MEMBIRTH,MEMSIGNIMG) values (10141,'테스트','300/834/대전 동구 판암동 502-4/33','1004','Lighthouse_1437801500923.jpg','사원',5,'nomelcele@gmail.com','testmem',10104,300,to_date('15/07/25','RR/MM/DD'),to_date('15/07/25','RR/MM/DD'),null,null);


--- bname
Insert into SUM.BNAME (BNAME,BGNUM,BDEPTNO) values ('테스트게시판',1,100);
Insert into SUM.BNAME (BNAME,BGNUM,BDEPTNO) values ('공지사항',0,100);
Insert into SUM.BNAME (BNAME,BGNUM,BDEPTNO) values ('떠들어',3,300);

--- pay
Insert into SUM.PAY (PMEM,PYEARLY,PSALARY) values (10000,2,7000);
Insert into SUM.PAY (PMEM,PYEARLY,PSALARY) values (10001,2,7000);
Insert into SUM.PAY (PMEM,PYEARLY,PSALARY) values (10002,2,7000);
Insert into SUM.PAY (PMEM,PYEARLY,PSALARY) values (10003,2,7000);
Insert into SUM.PAY (PMEM,PYEARLY,PSALARY) values (10004,0,7200);
Insert into SUM.PAY (PMEM,PYEARLY,PSALARY) values (10005,0,7000);
Insert into SUM.PAY (PMEM,PYEARLY,PSALARY) values (10006,0,7000);
Insert into SUM.PAY (PMEM,PYEARLY,PSALARY) values (10007,0,2400);
Insert into SUM.PAY (PMEM,PYEARLY,PSALARY) values (10020,0,3200);
Insert into SUM.PAY (PMEM,PYEARLY,PSALARY) values (10021,0,2000);
Insert into SUM.PAY (PMEM,PYEARLY,PSALARY) values (10022,0,2500);
Insert into SUM.PAY (PMEM,PYEARLY,PSALARY) values (10040,0,2000);
Insert into SUM.PAY (PMEM,PYEARLY,PSALARY) values (10141,0,3000);
Insert into SUM.PAY (PMEM,PYEARLY,PSALARY) values (10042,0,2000);
Insert into SUM.PAY (PMEM,PYEARLY,PSALARY) values (10043,0,2000);
Insert into SUM.PAY (PMEM,PYEARLY,PSALARY) values (10104,0,5000);
Insert into SUM.PAY (PMEM,PYEARLY,PSALARY) values (10105,0,5000);
Insert into SUM.PAY (PMEM,PYEARLY,PSALARY) values (10106,0,5000);
Insert into SUM.PAY (PMEM,PYEARLY,PSALARY) values (10107,0,5000);
Insert into SUM.PAY (PMEM,PYEARLY,PSALARY) values (10108,0,5000);
Insert into SUM.PAY (PMEM,PYEARLY,PSALARY) values (10109,0,5000);
Insert into SUM.PAY (PMEM,PYEARLY,PSALARY) values (10110,0,5000);
Insert into SUM.PAY (PMEM,PYEARLY,PSALARY) values (10111,0,5000);
Insert into SUM.PAY (PMEM,PYEARLY,PSALARY) values (10112,0,5000);
Insert into SUM.PAY (PMEM,PYEARLY,PSALARY) values (10113,0,5000);
Insert into SUM.PAY (PMEM,PYEARLY,PSALARY) values (10114,0,5000);
Insert into SUM.PAY (PMEM,PYEARLY,PSALARY) values (10115,0,5000);
Insert into SUM.PAY (PMEM,PYEARLY,PSALARY) values (10116,0,5000);
Insert into SUM.PAY (PMEM,PYEARLY,PSALARY) values (10117,0,5000);
Insert into SUM.PAY (PMEM,PYEARLY,PSALARY) values (10118,0,5000);
Insert into SUM.PAY (PMEM,PYEARLY,PSALARY) values (10119,0,5000);
Insert into SUM.PAY (PMEM,PYEARLY,PSALARY) values (10120,0,5000);
Insert into SUM.PAY (PMEM,PYEARLY,PSALARY) values (10121,0,5000);
Insert into SUM.PAY (PMEM,PYEARLY,PSALARY) values (10122,0,5000);
Insert into SUM.PAY (PMEM,PYEARLY,PSALARY) values (10123,0,5000);
Insert into SUM.PAY (PMEM,PYEARLY,PSALARY) values (10124,0,5000);
Insert into SUM.PAY (PMEM,PYEARLY,PSALARY) values (10125,0,5000);

---commission
Insert into SUM.COMMISSION (COMDETAIL,COMAMOUNT,COMDATE,COMNUM,COMMEM) values ('야근',10,to_date('15/06/20','RR/MM/DD'),1,10003);
Insert into SUM.COMMISSION (COMDETAIL,COMAMOUNT,COMDATE,COMNUM,COMMEM) values ('야근',10,to_date('15/06/20','RR/MM/DD'),2,10003);
Insert into SUM.COMMISSION (COMDETAIL,COMAMOUNT,COMDATE,COMNUM,COMMEM) values ('야근',10,to_date('15/06/20','RR/MM/DD'),3,10003);
Insert into SUM.COMMISSION (COMDETAIL,COMAMOUNT,COMDATE,COMNUM,COMMEM) values ('야근',10,to_date('15/06/20','RR/MM/DD'),4,10004);
Insert into SUM.COMMISSION (COMDETAIL,COMAMOUNT,COMDATE,COMNUM,COMMEM) values ('야근',10,to_date('15/06/20','RR/MM/DD'),5,10004);
Insert into SUM.COMMISSION (COMDETAIL,COMAMOUNT,COMDATE,COMNUM,COMMEM) values ('야근',10,to_date('15/06/20','RR/MM/DD'),6,10005);
Insert into SUM.COMMISSION (COMDETAIL,COMAMOUNT,COMDATE,COMNUM,COMMEM) values ('야근',10,to_date('15/06/20','RR/MM/DD'),7,10005);
Insert into SUM.COMMISSION (COMDETAIL,COMAMOUNT,COMDATE,COMNUM,COMMEM) values ('야근',10,to_date('15/06/20','RR/MM/DD'),8,10005);
Insert into SUM.COMMISSION (COMDETAIL,COMAMOUNT,COMDATE,COMNUM,COMMEM) values ('야근',10,to_date('15/06/20','RR/MM/DD'),9,10005);
Insert into SUM.COMMISSION (COMDETAIL,COMAMOUNT,COMDATE,COMNUM,COMMEM) values ('야근',10,to_date('15/06/20','RR/MM/DD'),10,10005);
Insert into SUM.COMMISSION (COMDETAIL,COMAMOUNT,COMDATE,COMNUM,COMMEM) values ('야근',2,to_date('15/07/22','RR/MM/DD'),21,10000);
Insert into SUM.COMMISSION (COMDETAIL,COMAMOUNT,COMDATE,COMNUM,COMMEM) values ('야근',8,to_date('15/05/24','RR/MM/DD'),41,10003);
Insert into SUM.COMMISSION (COMDETAIL,COMAMOUNT,COMDATE,COMNUM,COMMEM) values ('야근',8,to_date('15/05/24','RR/MM/DD'),42,10003);
Insert into SUM.COMMISSION (COMDETAIL,COMAMOUNT,COMDATE,COMNUM,COMMEM) values ('야근',8,to_date('15/05/24','RR/MM/DD'),43,10003);
Insert into SUM.COMMISSION (COMDETAIL,COMAMOUNT,COMDATE,COMNUM,COMMEM) values ('야근',8,to_date('15/05/24','RR/MM/DD'),44,10003);
Insert into SUM.COMMISSION (COMDETAIL,COMAMOUNT,COMDATE,COMNUM,COMMEM) values ('야근',8,to_date('15/05/24','RR/MM/DD'),45,10003);
Insert into SUM.COMMISSION (COMDETAIL,COMAMOUNT,COMDATE,COMNUM,COMMEM) values ('야근',8,to_date('15/05/24','RR/MM/DD'),46,10003);
Insert into SUM.COMMISSION (COMDETAIL,COMAMOUNT,COMDATE,COMNUM,COMMEM) values ('야근',8,to_date('15/05/24','RR/MM/DD'),47,10003);
Insert into SUM.COMMISSION (COMDETAIL,COMAMOUNT,COMDATE,COMNUM,COMMEM) values ('보너스',8,to_date('15/05/24','RR/MM/DD'),48,10001);
Insert into SUM.COMMISSION (COMDETAIL,COMAMOUNT,COMDATE,COMNUM,COMMEM) values ('보너스',8,to_date('15/05/24','RR/MM/DD'),49,10001);
Insert into SUM.COMMISSION (COMDETAIL,COMAMOUNT,COMDATE,COMNUM,COMMEM) values ('보너스',8,to_date('15/05/24','RR/MM/DD'),50,10001);
Insert into SUM.COMMISSION (COMDETAIL,COMAMOUNT,COMDATE,COMNUM,COMMEM) values ('보너스',8,to_date('15/05/24','RR/MM/DD'),51,10001);
Insert into SUM.COMMISSION (COMDETAIL,COMAMOUNT,COMDATE,COMNUM,COMMEM) values ('보너스',30,to_date('15/05/24','RR/MM/DD'),52,10001);
Insert into SUM.COMMISSION (COMDETAIL,COMAMOUNT,COMDATE,COMNUM,COMMEM) values ('보너스',30,to_date('15/05/24','RR/MM/DD'),53,10001);
Insert into SUM.COMMISSION (COMDETAIL,COMAMOUNT,COMDATE,COMNUM,COMMEM) values ('보너스',30,to_date('15/05/24','RR/MM/DD'),54,10001);
Insert into SUM.COMMISSION (COMDETAIL,COMAMOUNT,COMDATE,COMNUM,COMMEM) values ('보너스',50,to_date('15/05/24','RR/MM/DD'),55,10001);
Insert into SUM.COMMISSION (COMDETAIL,COMAMOUNT,COMDATE,COMNUM,COMMEM) values ('보너스',50,to_date('15/05/24','RR/MM/DD'),56,10001);
Insert into SUM.COMMISSION (COMDETAIL,COMAMOUNT,COMDATE,COMNUM,COMMEM) values ('보너스',50,to_date('15/05/24','RR/MM/DD'),57,10001);
Insert into SUM.COMMISSION (COMDETAIL,COMAMOUNT,COMDATE,COMNUM,COMMEM) values ('보너스',60,to_date('15/05/24','RR/MM/DD'),58,10001);
Insert into SUM.COMMISSION (COMDETAIL,COMAMOUNT,COMDATE,COMNUM,COMMEM) values ('보너스',60,to_date('15/05/24','RR/MM/DD'),59,10001);
Insert into SUM.COMMISSION (COMDETAIL,COMAMOUNT,COMDATE,COMNUM,COMMEM) values ('보너스',60,to_date('15/05/24','RR/MM/DD'),60,10001);
Insert into SUM.COMMISSION (COMDETAIL,COMAMOUNT,COMDATE,COMNUM,COMMEM) values ('보너스',60,to_date('15/05/24','RR/MM/DD'),61,10002);
Insert into SUM.COMMISSION (COMDETAIL,COMAMOUNT,COMDATE,COMNUM,COMMEM) values ('보너스',60,to_date('15/05/24','RR/MM/DD'),62,10002);
Insert into SUM.COMMISSION (COMDETAIL,COMAMOUNT,COMDATE,COMNUM,COMMEM) values ('보너스',60,to_date('15/05/24','RR/MM/DD'),63,10002);
Insert into SUM.COMMISSION (COMDETAIL,COMAMOUNT,COMDATE,COMNUM,COMMEM) values ('보너스',60,to_date('15/05/24','RR/MM/DD'),64,10002);
Insert into SUM.COMMISSION (COMDETAIL,COMAMOUNT,COMDATE,COMNUM,COMMEM) values ('보너스',60,to_date('15/05/24','RR/MM/DD'),65,10002);
Insert into SUM.COMMISSION (COMDETAIL,COMAMOUNT,COMDATE,COMNUM,COMMEM) values ('보너스',20,to_date('15/05/24','RR/MM/DD'),66,10002);
Insert into SUM.COMMISSION (COMDETAIL,COMAMOUNT,COMDATE,COMNUM,COMMEM) values ('보너스',20,to_date('15/05/24','RR/MM/DD'),67,10002);
Insert into SUM.COMMISSION (COMDETAIL,COMAMOUNT,COMDATE,COMNUM,COMMEM) values ('보너스',20,to_date('15/05/24','RR/MM/DD'),68,10002);
Insert into SUM.COMMISSION (COMDETAIL,COMAMOUNT,COMDATE,COMNUM,COMMEM) values ('보너스',20,to_date('15/05/24','RR/MM/DD'),69,10002);
Insert into SUM.COMMISSION (COMDETAIL,COMAMOUNT,COMDATE,COMNUM,COMMEM) values ('보너스',20,to_date('15/05/24','RR/MM/DD'),70,10002);
Insert into SUM.COMMISSION (COMDETAIL,COMAMOUNT,COMDATE,COMNUM,COMMEM) values ('보너스',20,to_date('15/05/24','RR/MM/DD'),71,10002);
Insert into SUM.COMMISSION (COMDETAIL,COMAMOUNT,COMDATE,COMNUM,COMMEM) values ('보너스',20,to_date('15/05/24','RR/MM/DD'),72,10004);
Insert into SUM.COMMISSION (COMDETAIL,COMAMOUNT,COMDATE,COMNUM,COMMEM) values ('보너스',20,to_date('15/05/24','RR/MM/DD'),73,10004);
Insert into SUM.COMMISSION (COMDETAIL,COMAMOUNT,COMDATE,COMNUM,COMMEM) values ('보너스',20,to_date('15/05/24','RR/MM/DD'),74,10004);
Insert into SUM.COMMISSION (COMDETAIL,COMAMOUNT,COMDATE,COMNUM,COMMEM) values ('보너스',40,to_date('15/05/24','RR/MM/DD'),75,10004);
Insert into SUM.COMMISSION (COMDETAIL,COMAMOUNT,COMDATE,COMNUM,COMMEM) values ('보너스',40,to_date('15/05/24','RR/MM/DD'),76,10004);
Insert into SUM.COMMISSION (COMDETAIL,COMAMOUNT,COMDATE,COMNUM,COMMEM) values ('보너스',40,to_date('15/05/24','RR/MM/DD'),77,10004);
Insert into SUM.COMMISSION (COMDETAIL,COMAMOUNT,COMDATE,COMNUM,COMMEM) values ('보너스',60,to_date('15/05/24','RR/MM/DD'),78,10004);
Insert into SUM.COMMISSION (COMDETAIL,COMAMOUNT,COMDATE,COMNUM,COMMEM) values ('보너스',60,to_date('15/05/24','RR/MM/DD'),79,10004);
Insert into SUM.COMMISSION (COMDETAIL,COMAMOUNT,COMDATE,COMNUM,COMMEM) values ('보너스',30,to_date('15/05/24','RR/MM/DD'),80,10005);
Insert into SUM.COMMISSION (COMDETAIL,COMAMOUNT,COMDATE,COMNUM,COMMEM) values ('보너스',30,to_date('15/05/24','RR/MM/DD'),81,10005);
Insert into SUM.COMMISSION (COMDETAIL,COMAMOUNT,COMDATE,COMNUM,COMMEM) values ('보너스',10,to_date('15/05/24','RR/MM/DD'),82,10005);
Insert into SUM.COMMISSION (COMDETAIL,COMAMOUNT,COMDATE,COMNUM,COMMEM) values ('보너스',10,to_date('15/05/24','RR/MM/DD'),83,10005);
Insert into SUM.COMMISSION (COMDETAIL,COMAMOUNT,COMDATE,COMNUM,COMMEM) values ('보너스',60,to_date('15/05/24','RR/MM/DD'),84,10005);
Insert into SUM.COMMISSION (COMDETAIL,COMAMOUNT,COMDATE,COMNUM,COMMEM) values ('보너스',60,to_date('15/05/24','RR/MM/DD'),85,10005);
Insert into SUM.COMMISSION (COMDETAIL,COMAMOUNT,COMDATE,COMNUM,COMMEM) values ('보너스',60,to_date('15/05/24','RR/MM/DD'),86,10005);
Insert into SUM.COMMISSION (COMDETAIL,COMAMOUNT,COMDATE,COMNUM,COMMEM) values ('보너스',60,to_date('15/05/24','RR/MM/DD'),87,10006);
Insert into SUM.COMMISSION (COMDETAIL,COMAMOUNT,COMDATE,COMNUM,COMMEM) values ('보너스',40,to_date('15/05/24','RR/MM/DD'),88,10006);
Insert into SUM.COMMISSION (COMDETAIL,COMAMOUNT,COMDATE,COMNUM,COMMEM) values ('보너스',40,to_date('15/05/24','RR/MM/DD'),89,10006);
Insert into SUM.COMMISSION (COMDETAIL,COMAMOUNT,COMDATE,COMNUM,COMMEM) values ('보너스',40,to_date('15/05/24','RR/MM/DD'),90,10006);
Insert into SUM.COMMISSION (COMDETAIL,COMAMOUNT,COMDATE,COMNUM,COMMEM) values ('보너스',20,to_date('15/05/24','RR/MM/DD'),91,10006);
Insert into SUM.COMMISSION (COMDETAIL,COMAMOUNT,COMDATE,COMNUM,COMMEM) values ('보너스',20,to_date('15/05/24','RR/MM/DD'),92,10006);
Insert into SUM.COMMISSION (COMDETAIL,COMAMOUNT,COMDATE,COMNUM,COMMEM) values ('보너스',20,to_date('15/05/24','RR/MM/DD'),93,10006);
Insert into SUM.COMMISSION (COMDETAIL,COMAMOUNT,COMDATE,COMNUM,COMMEM) values ('보너스',40,to_date('15/05/24','RR/MM/DD'),94,10006);
Insert into SUM.COMMISSION (COMDETAIL,COMAMOUNT,COMDATE,COMNUM,COMMEM) values ('보너스',40,to_date('15/05/24','RR/MM/DD'),95,10006);
Insert into SUM.COMMISSION (COMDETAIL,COMAMOUNT,COMDATE,COMNUM,COMMEM) values ('보너스',40,to_date('15/05/24','RR/MM/DD'),96,10006);
Insert into SUM.COMMISSION (COMDETAIL,COMAMOUNT,COMDATE,COMNUM,COMMEM) values ('보너스',40,to_date('15/05/24','RR/MM/DD'),97,10000);
Insert into SUM.COMMISSION (COMDETAIL,COMAMOUNT,COMDATE,COMNUM,COMMEM) values ('보너스',40,to_date('15/05/24','RR/MM/DD'),98,10000);
Insert into SUM.COMMISSION (COMDETAIL,COMAMOUNT,COMDATE,COMNUM,COMMEM) values ('보너스',40,to_date('15/05/24','RR/MM/DD'),99,10000);
Insert into SUM.COMMISSION (COMDETAIL,COMAMOUNT,COMDATE,COMNUM,COMMEM) values ('보너스',40,to_date('15/05/24','RR/MM/DD'),100,10000);
Insert into SUM.COMMISSION (COMDETAIL,COMAMOUNT,COMDATE,COMNUM,COMMEM) values ('보너스',60,to_date('15/05/24','RR/MM/DD'),101,10000);
Insert into SUM.COMMISSION (COMDETAIL,COMAMOUNT,COMDATE,COMNUM,COMMEM) values ('보너스',60,to_date('15/05/24','RR/MM/DD'),102,10000);
Insert into SUM.COMMISSION (COMDETAIL,COMAMOUNT,COMDATE,COMNUM,COMMEM) values ('보너스',60,to_date('15/05/24','RR/MM/DD'),103,10000);
Insert into SUM.COMMISSION (COMDETAIL,COMAMOUNT,COMDATE,COMNUM,COMMEM) values ('보너스',60,to_date('15/05/24','RR/MM/DD'),104,10000);
Insert into SUM.COMMISSION (COMDETAIL,COMAMOUNT,COMDATE,COMNUM,COMMEM) values ('보너스',30,to_date('15/05/24','RR/MM/DD'),105,10000);
Insert into SUM.COMMISSION (COMDETAIL,COMAMOUNT,COMDATE,COMNUM,COMMEM) values ('보너스',30,to_date('15/05/24','RR/MM/DD'),106,10000);
Insert into SUM.COMMISSION (COMDETAIL,COMAMOUNT,COMDATE,COMNUM,COMMEM) values ('보너스',30,to_date('15/05/24','RR/MM/DD'),107,10000);
Insert into SUM.COMMISSION (COMDETAIL,COMAMOUNT,COMDATE,COMNUM,COMMEM) values ('야근',8,to_date('15/05/24','RR/MM/DD'),108,10020);
Insert into SUM.COMMISSION (COMDETAIL,COMAMOUNT,COMDATE,COMNUM,COMMEM) values ('보너스',30,to_date('15/04/24','RR/MM/DD'),109,10000);
Insert into SUM.COMMISSION (COMDETAIL,COMAMOUNT,COMDATE,COMNUM,COMMEM) values ('보너스',30,to_date('15/04/24','RR/MM/DD'),110,10000);
Insert into SUM.COMMISSION (COMDETAIL,COMAMOUNT,COMDATE,COMNUM,COMMEM) values ('보너스',30,to_date('15/04/24','RR/MM/DD'),111,10000);
Insert into SUM.COMMISSION (COMDETAIL,COMAMOUNT,COMDATE,COMNUM,COMMEM) values ('보너스',30,to_date('15/04/24','RR/MM/DD'),112,10000);
Insert into SUM.COMMISSION (COMDETAIL,COMAMOUNT,COMDATE,COMNUM,COMMEM) values ('보너스',30,to_date('15/04/24','RR/MM/DD'),113,10000);
Insert into SUM.COMMISSION (COMDETAIL,COMAMOUNT,COMDATE,COMNUM,COMMEM) values ('보너스',30,to_date('15/04/24','RR/MM/DD'),114,10000);
Insert into SUM.COMMISSION (COMDETAIL,COMAMOUNT,COMDATE,COMNUM,COMMEM) values ('보너스',30,to_date('15/04/24','RR/MM/DD'),115,10000);
Insert into SUM.COMMISSION (COMDETAIL,COMAMOUNT,COMDATE,COMNUM,COMMEM) values ('보너스',30,to_date('15/04/24','RR/MM/DD'),116,10001);
Insert into SUM.COMMISSION (COMDETAIL,COMAMOUNT,COMDATE,COMNUM,COMMEM) values ('보너스',30,to_date('15/04/24','RR/MM/DD'),117,10001);
Insert into SUM.COMMISSION (COMDETAIL,COMAMOUNT,COMDATE,COMNUM,COMMEM) values ('보너스',30,to_date('15/04/24','RR/MM/DD'),118,10001);
Insert into SUM.COMMISSION (COMDETAIL,COMAMOUNT,COMDATE,COMNUM,COMMEM) values ('보너스',30,to_date('15/04/24','RR/MM/DD'),119,10001);
Insert into SUM.COMMISSION (COMDETAIL,COMAMOUNT,COMDATE,COMNUM,COMMEM) values ('보너스',30,to_date('15/04/24','RR/MM/DD'),120,10002);
Insert into SUM.COMMISSION (COMDETAIL,COMAMOUNT,COMDATE,COMNUM,COMMEM) values ('보너스',30,to_date('15/04/24','RR/MM/DD'),121,10002);
Insert into SUM.COMMISSION (COMDETAIL,COMAMOUNT,COMDATE,COMNUM,COMMEM) values ('보너스',30,to_date('15/04/24','RR/MM/DD'),122,10002);
Insert into SUM.COMMISSION (COMDETAIL,COMAMOUNT,COMDATE,COMNUM,COMMEM) values ('보너스',30,to_date('15/04/24','RR/MM/DD'),123,10003);
Insert into SUM.COMMISSION (COMDETAIL,COMAMOUNT,COMDATE,COMNUM,COMMEM) values ('보너스',30,to_date('15/04/24','RR/MM/DD'),124,10003);
Insert into SUM.COMMISSION (COMDETAIL,COMAMOUNT,COMDATE,COMNUM,COMMEM) values ('보너스',30,to_date('15/04/24','RR/MM/DD'),125,10003);
Insert into SUM.COMMISSION (COMDETAIL,COMAMOUNT,COMDATE,COMNUM,COMMEM) values ('보너스',30,to_date('15/04/24','RR/MM/DD'),126,10003);
Insert into SUM.COMMISSION (COMDETAIL,COMAMOUNT,COMDATE,COMNUM,COMMEM) values ('보너스',30,to_date('15/04/24','RR/MM/DD'),127,10004);
Insert into SUM.COMMISSION (COMDETAIL,COMAMOUNT,COMDATE,COMNUM,COMMEM) values ('보너스',30,to_date('15/04/24','RR/MM/DD'),128,10004);
Insert into SUM.COMMISSION (COMDETAIL,COMAMOUNT,COMDATE,COMNUM,COMMEM) values ('보너스',30,to_date('15/04/24','RR/MM/DD'),129,10004);
Insert into SUM.COMMISSION (COMDETAIL,COMAMOUNT,COMDATE,COMNUM,COMMEM) values ('보너스',30,to_date('15/04/24','RR/MM/DD'),130,10005);
Insert into SUM.COMMISSION (COMDETAIL,COMAMOUNT,COMDATE,COMNUM,COMMEM) values ('보너스',30,to_date('15/04/24','RR/MM/DD'),131,10005);
Insert into SUM.COMMISSION (COMDETAIL,COMAMOUNT,COMDATE,COMNUM,COMMEM) values ('보너스',30,to_date('15/04/24','RR/MM/DD'),132,10005);
Insert into SUM.COMMISSION (COMDETAIL,COMAMOUNT,COMDATE,COMNUM,COMMEM) values ('보너스',30,to_date('15/04/24','RR/MM/DD'),133,10006);
Insert into SUM.COMMISSION (COMDETAIL,COMAMOUNT,COMDATE,COMNUM,COMMEM) values ('보너스',30,to_date('15/04/24','RR/MM/DD'),134,10006);
Insert into SUM.COMMISSION (COMDETAIL,COMAMOUNT,COMDATE,COMNUM,COMMEM) values ('보너스',30,to_date('15/04/24','RR/MM/DD'),135,10006);
Insert into SUM.COMMISSION (COMDETAIL,COMAMOUNT,COMDATE,COMNUM,COMMEM) values ('보너스',30,to_date('15/04/24','RR/MM/DD'),136,10006);
Insert into SUM.COMMISSION (COMDETAIL,COMAMOUNT,COMDATE,COMNUM,COMMEM) values ('보너스',20,to_date('15/03/24','RR/MM/DD'),137,10006);
Insert into SUM.COMMISSION (COMDETAIL,COMAMOUNT,COMDATE,COMNUM,COMMEM) values ('보너스',20,to_date('15/03/24','RR/MM/DD'),138,10006);
Insert into SUM.COMMISSION (COMDETAIL,COMAMOUNT,COMDATE,COMNUM,COMMEM) values ('보너스',20,to_date('15/03/24','RR/MM/DD'),139,10006);
Insert into SUM.COMMISSION (COMDETAIL,COMAMOUNT,COMDATE,COMNUM,COMMEM) values ('보너스',20,to_date('15/03/24','RR/MM/DD'),140,10006);
Insert into SUM.COMMISSION (COMDETAIL,COMAMOUNT,COMDATE,COMNUM,COMMEM) values ('보너스',20,to_date('15/03/24','RR/MM/DD'),141,10006);
Insert into SUM.COMMISSION (COMDETAIL,COMAMOUNT,COMDATE,COMNUM,COMMEM) values ('보너스',20,to_date('15/03/24','RR/MM/DD'),142,10005);
Insert into SUM.COMMISSION (COMDETAIL,COMAMOUNT,COMDATE,COMNUM,COMMEM) values ('보너스',20,to_date('15/03/24','RR/MM/DD'),143,10005);
Insert into SUM.COMMISSION (COMDETAIL,COMAMOUNT,COMDATE,COMNUM,COMMEM) values ('보너스',20,to_date('15/03/24','RR/MM/DD'),144,10005);
Insert into SUM.COMMISSION (COMDETAIL,COMAMOUNT,COMDATE,COMNUM,COMMEM) values ('보너스',20,to_date('15/03/24','RR/MM/DD'),145,10005);
Insert into SUM.COMMISSION (COMDETAIL,COMAMOUNT,COMDATE,COMNUM,COMMEM) values ('보너스',20,to_date('15/03/24','RR/MM/DD'),146,10005);
Insert into SUM.COMMISSION (COMDETAIL,COMAMOUNT,COMDATE,COMNUM,COMMEM) values ('보너스',20,to_date('15/03/24','RR/MM/DD'),147,10005);
Insert into SUM.COMMISSION (COMDETAIL,COMAMOUNT,COMDATE,COMNUM,COMMEM) values ('보너스',20,to_date('15/03/24','RR/MM/DD'),148,10004);
Insert into SUM.COMMISSION (COMDETAIL,COMAMOUNT,COMDATE,COMNUM,COMMEM) values ('보너스',20,to_date('15/03/24','RR/MM/DD'),149,10004);
Insert into SUM.COMMISSION (COMDETAIL,COMAMOUNT,COMDATE,COMNUM,COMMEM) values ('보너스',20,to_date('15/03/24','RR/MM/DD'),150,10004);
Insert into SUM.COMMISSION (COMDETAIL,COMAMOUNT,COMDATE,COMNUM,COMMEM) values ('보너스',20,to_date('15/03/24','RR/MM/DD'),151,10004);
Insert into SUM.COMMISSION (COMDETAIL,COMAMOUNT,COMDATE,COMNUM,COMMEM) values ('보너스',20,to_date('15/03/24','RR/MM/DD'),152,10004);
Insert into SUM.COMMISSION (COMDETAIL,COMAMOUNT,COMDATE,COMNUM,COMMEM) values ('보너스',20,to_date('15/03/24','RR/MM/DD'),153,10004);
Insert into SUM.COMMISSION (COMDETAIL,COMAMOUNT,COMDATE,COMNUM,COMMEM) values ('보너스',20,to_date('15/03/24','RR/MM/DD'),154,10003);
Insert into SUM.COMMISSION (COMDETAIL,COMAMOUNT,COMDATE,COMNUM,COMMEM) values ('보너스',20,to_date('15/03/24','RR/MM/DD'),155,10003);
Insert into SUM.COMMISSION (COMDETAIL,COMAMOUNT,COMDATE,COMNUM,COMMEM) values ('보너스',20,to_date('15/03/24','RR/MM/DD'),156,10003);
Insert into SUM.COMMISSION (COMDETAIL,COMAMOUNT,COMDATE,COMNUM,COMMEM) values ('보너스',20,to_date('15/03/24','RR/MM/DD'),157,10003);
Insert into SUM.COMMISSION (COMDETAIL,COMAMOUNT,COMDATE,COMNUM,COMMEM) values ('보너스',20,to_date('15/03/24','RR/MM/DD'),158,10003);
Insert into SUM.COMMISSION (COMDETAIL,COMAMOUNT,COMDATE,COMNUM,COMMEM) values ('보너스',20,to_date('15/03/24','RR/MM/DD'),159,10003);
Insert into SUM.COMMISSION (COMDETAIL,COMAMOUNT,COMDATE,COMNUM,COMMEM) values ('보너스',20,to_date('15/03/24','RR/MM/DD'),160,10002);
Insert into SUM.COMMISSION (COMDETAIL,COMAMOUNT,COMDATE,COMNUM,COMMEM) values ('보너스',20,to_date('15/03/24','RR/MM/DD'),161,10002);
Insert into SUM.COMMISSION (COMDETAIL,COMAMOUNT,COMDATE,COMNUM,COMMEM) values ('보너스',20,to_date('15/03/24','RR/MM/DD'),162,10002);
Insert into SUM.COMMISSION (COMDETAIL,COMAMOUNT,COMDATE,COMNUM,COMMEM) values ('보너스',20,to_date('15/03/24','RR/MM/DD'),163,10002);
Insert into SUM.COMMISSION (COMDETAIL,COMAMOUNT,COMDATE,COMNUM,COMMEM) values ('보너스',20,to_date('15/03/24','RR/MM/DD'),164,10002);
Insert into SUM.COMMISSION (COMDETAIL,COMAMOUNT,COMDATE,COMNUM,COMMEM) values ('보너스',20,to_date('15/03/24','RR/MM/DD'),165,10002);
Insert into SUM.COMMISSION (COMDETAIL,COMAMOUNT,COMDATE,COMNUM,COMMEM) values ('보너스',20,to_date('15/03/24','RR/MM/DD'),166,10002);
Insert into SUM.COMMISSION (COMDETAIL,COMAMOUNT,COMDATE,COMNUM,COMMEM) values ('보너스',20,to_date('15/03/24','RR/MM/DD'),167,10002);
Insert into SUM.COMMISSION (COMDETAIL,COMAMOUNT,COMDATE,COMNUM,COMMEM) values ('보너스',20,to_date('15/03/24','RR/MM/DD'),168,10001);
Insert into SUM.COMMISSION (COMDETAIL,COMAMOUNT,COMDATE,COMNUM,COMMEM) values ('보너스',20,to_date('15/03/24','RR/MM/DD'),169,10001);
Insert into SUM.COMMISSION (COMDETAIL,COMAMOUNT,COMDATE,COMNUM,COMMEM) values ('보너스',20,to_date('15/03/24','RR/MM/DD'),170,10001);
Insert into SUM.COMMISSION (COMDETAIL,COMAMOUNT,COMDATE,COMNUM,COMMEM) values ('보너스',20,to_date('15/03/24','RR/MM/DD'),171,10001);
Insert into SUM.COMMISSION (COMDETAIL,COMAMOUNT,COMDATE,COMNUM,COMMEM) values ('보너스',20,to_date('15/03/24','RR/MM/DD'),172,10001);
Insert into SUM.COMMISSION (COMDETAIL,COMAMOUNT,COMDATE,COMNUM,COMMEM) values ('보너스',20,to_date('15/03/24','RR/MM/DD'),173,10001);
Insert into SUM.COMMISSION (COMDETAIL,COMAMOUNT,COMDATE,COMNUM,COMMEM) values ('보너스',20,to_date('15/03/24','RR/MM/DD'),174,10001);
Insert into SUM.COMMISSION (COMDETAIL,COMAMOUNT,COMDATE,COMNUM,COMMEM) values ('보너스',20,to_date('15/03/24','RR/MM/DD'),175,10001);
Insert into SUM.COMMISSION (COMDETAIL,COMAMOUNT,COMDATE,COMNUM,COMMEM) values ('보너스',20,to_date('15/03/24','RR/MM/DD'),176,10000);
Insert into SUM.COMMISSION (COMDETAIL,COMAMOUNT,COMDATE,COMNUM,COMMEM) values ('보너스',20,to_date('15/03/24','RR/MM/DD'),177,10000);
Insert into SUM.COMMISSION (COMDETAIL,COMAMOUNT,COMDATE,COMNUM,COMMEM) values ('보너스',20,to_date('15/03/24','RR/MM/DD'),178,10000);
Insert into SUM.COMMISSION (COMDETAIL,COMAMOUNT,COMDATE,COMNUM,COMMEM) values ('보너스',20,to_date('15/03/24','RR/MM/DD'),179,10000);
Insert into SUM.COMMISSION (COMDETAIL,COMAMOUNT,COMDATE,COMNUM,COMMEM) values ('보너스',20,to_date('15/03/24','RR/MM/DD'),180,10000);
Insert into SUM.COMMISSION (COMDETAIL,COMAMOUNT,COMDATE,COMNUM,COMMEM) values ('보너스',20,to_date('15/03/24','RR/MM/DD'),181,10000);
Insert into SUM.COMMISSION (COMDETAIL,COMAMOUNT,COMDATE,COMNUM,COMMEM) values ('보너스',20,to_date('15/03/24','RR/MM/DD'),182,10000);
Insert into SUM.COMMISSION (COMDETAIL,COMAMOUNT,COMDATE,COMNUM,COMMEM) values ('보너스',20,to_date('15/03/24','RR/MM/DD'),183,10000);
Insert into SUM.COMMISSION (COMDETAIL,COMAMOUNT,COMDATE,COMNUM,COMMEM) values ('보너스',20,to_date('15/03/24','RR/MM/DD'),184,10000);
Insert into SUM.COMMISSION (COMDETAIL,COMAMOUNT,COMDATE,COMNUM,COMMEM) values ('보너스',20,to_date('15/03/24','RR/MM/DD'),185,10000);
Insert into SUM.COMMISSION (COMDETAIL,COMAMOUNT,COMDATE,COMNUM,COMMEM) values ('보너스',100,to_date('15/02/24','RR/MM/DD'),186,10000);
Insert into SUM.COMMISSION (COMDETAIL,COMAMOUNT,COMDATE,COMNUM,COMMEM) values ('보너스',100,to_date('15/02/24','RR/MM/DD'),187,10000);
Insert into SUM.COMMISSION (COMDETAIL,COMAMOUNT,COMDATE,COMNUM,COMMEM) values ('보너스',100,to_date('15/02/24','RR/MM/DD'),188,10000);
Insert into SUM.COMMISSION (COMDETAIL,COMAMOUNT,COMDATE,COMNUM,COMMEM) values ('보너스',100,to_date('15/02/24','RR/MM/DD'),189,10000);
Insert into SUM.COMMISSION (COMDETAIL,COMAMOUNT,COMDATE,COMNUM,COMMEM) values ('보너스',100,to_date('15/02/24','RR/MM/DD'),190,10000);
Insert into SUM.COMMISSION (COMDETAIL,COMAMOUNT,COMDATE,COMNUM,COMMEM) values ('보너스',100,to_date('15/02/24','RR/MM/DD'),191,10000);
Insert into SUM.COMMISSION (COMDETAIL,COMAMOUNT,COMDATE,COMNUM,COMMEM) values ('보너스',100,to_date('15/02/24','RR/MM/DD'),192,10000);
Insert into SUM.COMMISSION (COMDETAIL,COMAMOUNT,COMDATE,COMNUM,COMMEM) values ('보너스',100,to_date('15/02/24','RR/MM/DD'),193,10000);
Insert into SUM.COMMISSION (COMDETAIL,COMAMOUNT,COMDATE,COMNUM,COMMEM) values ('보너스',100,to_date('15/02/24','RR/MM/DD'),194,10000);
Insert into SUM.COMMISSION (COMDETAIL,COMAMOUNT,COMDATE,COMNUM,COMMEM) values ('보너스',100,to_date('15/02/24','RR/MM/DD'),195,10001);
Insert into SUM.COMMISSION (COMDETAIL,COMAMOUNT,COMDATE,COMNUM,COMMEM) values ('보너스',100,to_date('15/02/24','RR/MM/DD'),196,10001);
Insert into SUM.COMMISSION (COMDETAIL,COMAMOUNT,COMDATE,COMNUM,COMMEM) values ('보너스',100,to_date('15/02/24','RR/MM/DD'),197,10001);
Insert into SUM.COMMISSION (COMDETAIL,COMAMOUNT,COMDATE,COMNUM,COMMEM) values ('보너스',100,to_date('15/02/24','RR/MM/DD'),198,10001);
Insert into SUM.COMMISSION (COMDETAIL,COMAMOUNT,COMDATE,COMNUM,COMMEM) values ('보너스',100,to_date('15/02/24','RR/MM/DD'),199,10001);
Insert into SUM.COMMISSION (COMDETAIL,COMAMOUNT,COMDATE,COMNUM,COMMEM) values ('보너스',100,to_date('15/02/24','RR/MM/DD'),200,10001);
Insert into SUM.COMMISSION (COMDETAIL,COMAMOUNT,COMDATE,COMNUM,COMMEM) values ('보너스',100,to_date('15/02/24','RR/MM/DD'),201,10001);
Insert into SUM.COMMISSION (COMDETAIL,COMAMOUNT,COMDATE,COMNUM,COMMEM) values ('보너스',100,to_date('15/02/24','RR/MM/DD'),202,10002);
Insert into SUM.COMMISSION (COMDETAIL,COMAMOUNT,COMDATE,COMNUM,COMMEM) values ('보너스',100,to_date('15/02/24','RR/MM/DD'),203,10002);
Insert into SUM.COMMISSION (COMDETAIL,COMAMOUNT,COMDATE,COMNUM,COMMEM) values ('보너스',100,to_date('15/02/24','RR/MM/DD'),204,10002);
Insert into SUM.COMMISSION (COMDETAIL,COMAMOUNT,COMDATE,COMNUM,COMMEM) values ('보너스',100,to_date('15/02/24','RR/MM/DD'),205,10002);
Insert into SUM.COMMISSION (COMDETAIL,COMAMOUNT,COMDATE,COMNUM,COMMEM) values ('보너스',100,to_date('15/02/24','RR/MM/DD'),206,10002);
Insert into SUM.COMMISSION (COMDETAIL,COMAMOUNT,COMDATE,COMNUM,COMMEM) values ('보너스',100,to_date('15/02/24','RR/MM/DD'),207,10002);
Insert into SUM.COMMISSION (COMDETAIL,COMAMOUNT,COMDATE,COMNUM,COMMEM) values ('보너스',100,to_date('15/02/24','RR/MM/DD'),208,10003);
Insert into SUM.COMMISSION (COMDETAIL,COMAMOUNT,COMDATE,COMNUM,COMMEM) values ('보너스',100,to_date('15/02/24','RR/MM/DD'),209,10003);
Insert into SUM.COMMISSION (COMDETAIL,COMAMOUNT,COMDATE,COMNUM,COMMEM) values ('보너스',100,to_date('15/02/24','RR/MM/DD'),210,10003);
Insert into SUM.COMMISSION (COMDETAIL,COMAMOUNT,COMDATE,COMNUM,COMMEM) values ('보너스',100,to_date('15/02/24','RR/MM/DD'),211,10003);
Insert into SUM.COMMISSION (COMDETAIL,COMAMOUNT,COMDATE,COMNUM,COMMEM) values ('보너스',100,to_date('15/02/24','RR/MM/DD'),212,10003);
Insert into SUM.COMMISSION (COMDETAIL,COMAMOUNT,COMDATE,COMNUM,COMMEM) values ('보너스',100,to_date('15/02/24','RR/MM/DD'),213,10003);
Insert into SUM.COMMISSION (COMDETAIL,COMAMOUNT,COMDATE,COMNUM,COMMEM) values ('보너스',100,to_date('15/02/24','RR/MM/DD'),214,10003);
Insert into SUM.COMMISSION (COMDETAIL,COMAMOUNT,COMDATE,COMNUM,COMMEM) values ('보너스',100,to_date('15/02/24','RR/MM/DD'),215,10004);
Insert into SUM.COMMISSION (COMDETAIL,COMAMOUNT,COMDATE,COMNUM,COMMEM) values ('보너스',100,to_date('15/02/24','RR/MM/DD'),216,10004);
Insert into SUM.COMMISSION (COMDETAIL,COMAMOUNT,COMDATE,COMNUM,COMMEM) values ('보너스',100,to_date('15/02/24','RR/MM/DD'),217,10004);
Insert into SUM.COMMISSION (COMDETAIL,COMAMOUNT,COMDATE,COMNUM,COMMEM) values ('보너스',100,to_date('15/02/24','RR/MM/DD'),218,10004);
Insert into SUM.COMMISSION (COMDETAIL,COMAMOUNT,COMDATE,COMNUM,COMMEM) values ('보너스',100,to_date('15/02/24','RR/MM/DD'),219,10004);
Insert into SUM.COMMISSION (COMDETAIL,COMAMOUNT,COMDATE,COMNUM,COMMEM) values ('보너스',100,to_date('15/02/24','RR/MM/DD'),220,10004);
Insert into SUM.COMMISSION (COMDETAIL,COMAMOUNT,COMDATE,COMNUM,COMMEM) values ('보너스',100,to_date('15/02/24','RR/MM/DD'),221,10004);
Insert into SUM.COMMISSION (COMDETAIL,COMAMOUNT,COMDATE,COMNUM,COMMEM) values ('보너스',100,to_date('15/02/24','RR/MM/DD'),222,10005);
Insert into SUM.COMMISSION (COMDETAIL,COMAMOUNT,COMDATE,COMNUM,COMMEM) values ('보너스',100,to_date('15/02/24','RR/MM/DD'),223,10005);
Insert into SUM.COMMISSION (COMDETAIL,COMAMOUNT,COMDATE,COMNUM,COMMEM) values ('보너스',100,to_date('15/02/24','RR/MM/DD'),224,10005);
Insert into SUM.COMMISSION (COMDETAIL,COMAMOUNT,COMDATE,COMNUM,COMMEM) values ('보너스',100,to_date('15/02/24','RR/MM/DD'),225,10005);
Insert into SUM.COMMISSION (COMDETAIL,COMAMOUNT,COMDATE,COMNUM,COMMEM) values ('보너스',100,to_date('15/02/24','RR/MM/DD'),226,10005);
Insert into SUM.COMMISSION (COMDETAIL,COMAMOUNT,COMDATE,COMNUM,COMMEM) values ('보너스',100,to_date('15/02/24','RR/MM/DD'),227,10005);
Insert into SUM.COMMISSION (COMDETAIL,COMAMOUNT,COMDATE,COMNUM,COMMEM) values ('보너스',100,to_date('15/02/24','RR/MM/DD'),228,10005);
Insert into SUM.COMMISSION (COMDETAIL,COMAMOUNT,COMDATE,COMNUM,COMMEM) values ('보너스',100,to_date('15/02/24','RR/MM/DD'),229,10005);
Insert into SUM.COMMISSION (COMDETAIL,COMAMOUNT,COMDATE,COMNUM,COMMEM) values ('보너스',100,to_date('15/02/24','RR/MM/DD'),230,10006);
Insert into SUM.COMMISSION (COMDETAIL,COMAMOUNT,COMDATE,COMNUM,COMMEM) values ('보너스',100,to_date('15/02/24','RR/MM/DD'),231,10006);
Insert into SUM.COMMISSION (COMDETAIL,COMAMOUNT,COMDATE,COMNUM,COMMEM) values ('보너스',100,to_date('15/02/24','RR/MM/DD'),232,10006);
Insert into SUM.COMMISSION (COMDETAIL,COMAMOUNT,COMDATE,COMNUM,COMMEM) values ('보너스',100,to_date('15/02/24','RR/MM/DD'),233,10006);
Insert into SUM.COMMISSION (COMDETAIL,COMAMOUNT,COMDATE,COMNUM,COMMEM) values ('보너스',100,to_date('15/02/24','RR/MM/DD'),234,10006);
Insert into SUM.COMMISSION (COMDETAIL,COMAMOUNT,COMDATE,COMNUM,COMMEM) values ('보너스',100,to_date('15/02/24','RR/MM/DD'),235,10006);
Insert into SUM.COMMISSION (COMDETAIL,COMAMOUNT,COMDATE,COMNUM,COMMEM) values ('보너스',100,to_date('15/02/24','RR/MM/DD'),236,10006);
Insert into SUM.COMMISSION (COMDETAIL,COMAMOUNT,COMDATE,COMNUM,COMMEM) values ('보너스',100,to_date('15/02/24','RR/MM/DD'),237,10006);
Insert into SUM.COMMISSION (COMDETAIL,COMAMOUNT,COMDATE,COMNUM,COMMEM) values ('보너스',100,to_date('15/02/24','RR/MM/DD'),238,10006);
Insert into SUM.COMMISSION (COMDETAIL,COMAMOUNT,COMDATE,COMNUM,COMMEM) values ('보너스',100,to_date('15/02/24','RR/MM/DD'),239,10006);
Insert into SUM.COMMISSION (COMDETAIL,COMAMOUNT,COMDATE,COMNUM,COMMEM) values ('보너스',80,to_date('15/01/24','RR/MM/DD'),240,10006);
Insert into SUM.COMMISSION (COMDETAIL,COMAMOUNT,COMDATE,COMNUM,COMMEM) values ('보너스',80,to_date('15/01/24','RR/MM/DD'),241,10006);
Insert into SUM.COMMISSION (COMDETAIL,COMAMOUNT,COMDATE,COMNUM,COMMEM) values ('보너스',80,to_date('15/01/24','RR/MM/DD'),242,10006);
Insert into SUM.COMMISSION (COMDETAIL,COMAMOUNT,COMDATE,COMNUM,COMMEM) values ('보너스',80,to_date('15/01/24','RR/MM/DD'),243,10005);
Insert into SUM.COMMISSION (COMDETAIL,COMAMOUNT,COMDATE,COMNUM,COMMEM) values ('보너스',80,to_date('15/01/24','RR/MM/DD'),244,10005);
Insert into SUM.COMMISSION (COMDETAIL,COMAMOUNT,COMDATE,COMNUM,COMMEM) values ('보너스',80,to_date('15/01/24','RR/MM/DD'),245,10005);
Insert into SUM.COMMISSION (COMDETAIL,COMAMOUNT,COMDATE,COMNUM,COMMEM) values ('보너스',80,to_date('15/01/24','RR/MM/DD'),246,10004);
Insert into SUM.COMMISSION (COMDETAIL,COMAMOUNT,COMDATE,COMNUM,COMMEM) values ('보너스',80,to_date('15/01/24','RR/MM/DD'),247,10004);
Insert into SUM.COMMISSION (COMDETAIL,COMAMOUNT,COMDATE,COMNUM,COMMEM) values ('보너스',80,to_date('15/01/24','RR/MM/DD'),248,10004);
Insert into SUM.COMMISSION (COMDETAIL,COMAMOUNT,COMDATE,COMNUM,COMMEM) values ('보너스',80,to_date('15/01/24','RR/MM/DD'),249,10003);
Insert into SUM.COMMISSION (COMDETAIL,COMAMOUNT,COMDATE,COMNUM,COMMEM) values ('보너스',80,to_date('15/01/24','RR/MM/DD'),250,10003);
Insert into SUM.COMMISSION (COMDETAIL,COMAMOUNT,COMDATE,COMNUM,COMMEM) values ('보너스',80,to_date('15/01/24','RR/MM/DD'),251,10003);
Insert into SUM.COMMISSION (COMDETAIL,COMAMOUNT,COMDATE,COMNUM,COMMEM) values ('보너스',80,to_date('15/01/24','RR/MM/DD'),252,10002);
Insert into SUM.COMMISSION (COMDETAIL,COMAMOUNT,COMDATE,COMNUM,COMMEM) values ('보너스',80,to_date('15/01/24','RR/MM/DD'),253,10002);
Insert into SUM.COMMISSION (COMDETAIL,COMAMOUNT,COMDATE,COMNUM,COMMEM) values ('보너스',80,to_date('15/01/24','RR/MM/DD'),254,10002);
Insert into SUM.COMMISSION (COMDETAIL,COMAMOUNT,COMDATE,COMNUM,COMMEM) values ('보너스',80,to_date('15/01/24','RR/MM/DD'),255,10001);
Insert into SUM.COMMISSION (COMDETAIL,COMAMOUNT,COMDATE,COMNUM,COMMEM) values ('보너스',80,to_date('15/01/24','RR/MM/DD'),256,10001);
Insert into SUM.COMMISSION (COMDETAIL,COMAMOUNT,COMDATE,COMNUM,COMMEM) values ('보너스',80,to_date('15/01/24','RR/MM/DD'),257,10001);
Insert into SUM.COMMISSION (COMDETAIL,COMAMOUNT,COMDATE,COMNUM,COMMEM) values ('보너스',80,to_date('15/01/24','RR/MM/DD'),258,10000);
Insert into SUM.COMMISSION (COMDETAIL,COMAMOUNT,COMDATE,COMNUM,COMMEM) values ('보너스',80,to_date('15/01/24','RR/MM/DD'),259,10000);
Insert into SUM.COMMISSION (COMDETAIL,COMAMOUNT,COMDATE,COMNUM,COMMEM) values ('보너스',80,to_date('15/01/24','RR/MM/DD'),260,10000);

--- mail
Insert into SUM.MAIL (MAILNUM,MAILTITLE,MAILFILE,MAILMEM,MAILRECEIVER,MAILDATE,MAILSDELETE,MAILRDELETE,MAILREAD) values (1,'ㅁㅁ',null,10002,'jskim',to_date('15/07/18','RR/MM/DD'),1,1,'N');
Insert into SUM.MAIL (MAILNUM,MAILTITLE,MAILFILE,MAILMEM,MAILRECEIVER,MAILDATE,MAILSDELETE,MAILRDELETE,MAILREAD) values (21,'ㅇㅇ',null,10004,'mjkim',to_date('15/07/21','RR/MM/DD'),1,1,'Y');
Insert into SUM.MAIL (MAILNUM,MAILTITLE,MAILFILE,MAILMEM,MAILRECEIVER,MAILDATE,MAILSDELETE,MAILRDELETE,MAILREAD) values (22,'ㅋㅋ',null,10002,'shkim',to_date('15/07/21','RR/MM/DD'),1,1,'N');
Insert into SUM.MAIL (MAILNUM,MAILTITLE,MAILFILE,MAILMEM,MAILRECEIVER,MAILDATE,MAILSDELETE,MAILRDELETE,MAILREAD) values (41,'하하하',null,10002,'jskim',to_date('15/07/22','RR/MM/DD'),1,1,'Y');
Insert into SUM.MAIL (MAILNUM,MAILTITLE,MAILFILE,MAILMEM,MAILRECEIVER,MAILDATE,MAILSDELETE,MAILRDELETE,MAILREAD) values (42,'호호호','Hydrangeas.jpg',10002,'jskim',to_date('15/07/22','RR/MM/DD'),2,1,'Y');
Insert into SUM.MAIL (MAILNUM,MAILTITLE,MAILFILE,MAILMEM,MAILRECEIVER,MAILDATE,MAILSDELETE,MAILRDELETE,MAILREAD) values (43,'ㅇㅇ','Chrysanthemum.jpg',10004,'mjkim',to_date('15/07/22','RR/MM/DD'),1,1,'Y');
Insert into SUM.MAIL (MAILNUM,MAILTITLE,MAILFILE,MAILMEM,MAILRECEIVER,MAILDATE,MAILSDELETE,MAILRDELETE,MAILREAD) values (44,'RE: ㅇㅇ','Jellyfish.jpg',10004,'hrmo',to_date('15/07/22','RR/MM/DD'),3,3,'Y');
Insert into SUM.MAIL (MAILNUM,MAILTITLE,MAILFILE,MAILMEM,MAILRECEIVER,MAILDATE,MAILSDELETE,MAILRDELETE,MAILREAD) values (45,'ㅇㅇ','Penguins.jpg',10004,'mphong',to_date('15/07/22','RR/MM/DD'),3,1,'Y');
Insert into SUM.MAIL (MAILNUM,MAILTITLE,MAILFILE,MAILMEM,MAILRECEIVER,MAILDATE,MAILSDELETE,MAILRDELETE,MAILREAD) values (61,'ㅇㅇㅇ',null,10002,'mphong',to_date('15/07/23','RR/MM/DD'),1,1,'N');
Insert into SUM.MAIL (MAILNUM,MAILTITLE,MAILFILE,MAILMEM,MAILRECEIVER,MAILDATE,MAILSDELETE,MAILRDELETE,MAILREAD) values (63,'제목',null,10002,'mphong',to_date('15/07/23','RR/MM/DD'),1,1,'N');
Insert into SUM.MAIL (MAILNUM,MAILTITLE,MAILFILE,MAILMEM,MAILRECEIVER,MAILDATE,MAILSDELETE,MAILRDELETE,MAILREAD) values (64,'ㄴㅇㄹㅇㄴ',null,10002,'mphong',to_date('15/07/23','RR/MM/DD'),1,1,'N');
Insert into SUM.MAIL (MAILNUM,MAILTITLE,MAILFILE,MAILMEM,MAILRECEIVER,MAILDATE,MAILSDELETE,MAILRDELETE,MAILREAD) values (81,'ㅇㅇ','Penguins.jpg',10004,'mphong',to_date('15/07/25','RR/MM/DD'),3,1,'Y');
Insert into SUM.MAIL (MAILNUM,MAILTITLE,MAILFILE,MAILMEM,MAILRECEIVER,MAILDATE,MAILSDELETE,MAILRDELETE,MAILREAD) values (82,'RE: ㅇㅇ','0715.txt',10004,'hrmo',to_date('15/07/25','RR/MM/DD'),1,1,'Y');
Insert into SUM.MAIL (MAILNUM,MAILTITLE,MAILFILE,MAILMEM,MAILRECEIVER,MAILDATE,MAILSDELETE,MAILRDELETE,MAILREAD) values (83,'ㅇㅇ','Lighthouse.jpg',10004,'gildong3',to_date('15/07/25','RR/MM/DD'),1,1,'Y');
Insert into SUM.MAIL (MAILNUM,MAILTITLE,MAILFILE,MAILMEM,MAILRECEIVER,MAILDATE,MAILSDELETE,MAILRDELETE,MAILREAD) values (84,'ㅇㅇ','Koala.jpg',10004,'member21',to_date('15/07/25','RR/MM/DD'),1,1,'Y');


--- payhistory

Insert into SUM.PAYHISTORY (HISDATE,HISAMOUNT,HISMEM,HISNUM) values (to_date('15/06/22','RR/MM/DD'),583,10000,100001506);
Insert into SUM.PAYHISTORY (HISDATE,HISAMOUNT,HISMEM,HISNUM) values (to_date('15/06/22','RR/MM/DD'),583,10001,100011506);
Insert into SUM.PAYHISTORY (HISDATE,HISAMOUNT,HISMEM,HISNUM) values (to_date('15/06/22','RR/MM/DD'),583,10002,100021506);
Insert into SUM.PAYHISTORY (HISDATE,HISAMOUNT,HISMEM,HISNUM) values (to_date('15/06/22','RR/MM/DD'),613,10003,100031506);
Insert into SUM.PAYHISTORY (HISDATE,HISAMOUNT,HISMEM,HISNUM) values (to_date('15/06/22','RR/MM/DD'),603,10004,100041506);
Insert into SUM.PAYHISTORY (HISDATE,HISAMOUNT,HISMEM,HISNUM) values (to_date('15/06/22','RR/MM/DD'),633,10005,100051506);
Insert into SUM.PAYHISTORY (HISDATE,HISAMOUNT,HISMEM,HISNUM) values (to_date('15/06/22','RR/MM/DD'),583,10006,100061506);
Insert into SUM.PAYHISTORY (HISDATE,HISAMOUNT,HISMEM,HISNUM) values (to_date('15/06/22','RR/MM/DD'),200,10007,100071506);
Insert into SUM.PAYHISTORY (HISDATE,HISAMOUNT,HISMEM,HISNUM) values (to_date('15/06/22','RR/MM/DD'),266,10020,100201506);
Insert into SUM.PAYHISTORY (HISDATE,HISAMOUNT,HISMEM,HISNUM) values (to_date('15/06/23','RR/MM/DD'),166,10021,100211506);
Insert into SUM.PAYHISTORY (HISDATE,HISAMOUNT,HISMEM,HISNUM) values (to_date('15/06/23','RR/MM/DD'),166,10022,100221506);
Insert into SUM.PAYHISTORY (HISDATE,HISAMOUNT,HISMEM,HISNUM) values (to_date('15/05/24','RR/MM/DD'),639,10003,10031505);
Insert into SUM.PAYHISTORY (HISDATE,HISAMOUNT,HISMEM,HISNUM) values (to_date('15/05/24','RR/MM/DD'),1073,10000,100001505);
Insert into SUM.PAYHISTORY (HISDATE,HISAMOUNT,HISMEM,HISNUM) values (to_date('15/05/24','RR/MM/DD'),1035,10001,100011505);
Insert into SUM.PAYHISTORY (HISDATE,HISAMOUNT,HISMEM,HISNUM) values (to_date('15/05/24','RR/MM/DD'),1003,10002,100021505);
Insert into SUM.PAYHISTORY (HISDATE,HISAMOUNT,HISMEM,HISNUM) values (to_date('15/05/24','RR/MM/DD'),639,10003,100031505);
Insert into SUM.PAYHISTORY (HISDATE,HISAMOUNT,HISMEM,HISNUM) values (to_date('15/05/24','RR/MM/DD'),900,10004,100041505);
Insert into SUM.PAYHISTORY (HISDATE,HISAMOUNT,HISMEM,HISNUM) values (to_date('15/05/24','RR/MM/DD'),843,10005,100051505);
Insert into SUM.PAYHISTORY (HISDATE,HISAMOUNT,HISMEM,HISNUM) values (to_date('15/05/24','RR/MM/DD'),943,10006,100061505);
Insert into SUM.PAYHISTORY (HISDATE,HISAMOUNT,HISMEM,HISNUM) values (to_date('15/04/24','RR/MM/DD'),943,10006,100061504);
Insert into SUM.PAYHISTORY (HISDATE,HISAMOUNT,HISMEM,HISNUM) values (to_date('15/04/24','RR/MM/DD'),843,10005,100051504);
Insert into SUM.PAYHISTORY (HISDATE,HISAMOUNT,HISMEM,HISNUM) values (to_date('15/04/24','RR/MM/DD'),900,10004,100041504);
Insert into SUM.PAYHISTORY (HISDATE,HISAMOUNT,HISMEM,HISNUM) values (to_date('15/04/24','RR/MM/DD'),639,10003,100031504);
Insert into SUM.PAYHISTORY (HISDATE,HISAMOUNT,HISMEM,HISNUM) values (to_date('15/04/24','RR/MM/DD'),1003,10002,100021504);
Insert into SUM.PAYHISTORY (HISDATE,HISAMOUNT,HISMEM,HISNUM) values (to_date('15/04/24','RR/MM/DD'),1035,10001,100011504);
Insert into SUM.PAYHISTORY (HISDATE,HISAMOUNT,HISMEM,HISNUM) values (to_date('15/04/24','RR/MM/DD'),1073,10000,100001504);
Insert into SUM.PAYHISTORY (HISDATE,HISAMOUNT,HISMEM,HISNUM) values (to_date('15/03/24','RR/MM/DD'),783,10000,100001503);
Insert into SUM.PAYHISTORY (HISDATE,HISAMOUNT,HISMEM,HISNUM) values (to_date('15/03/24','RR/MM/DD'),743,10001,100011503);
Insert into SUM.PAYHISTORY (HISDATE,HISAMOUNT,HISMEM,HISNUM) values (to_date('15/03/24','RR/MM/DD'),743,10002,100021503);
Insert into SUM.PAYHISTORY (HISDATE,HISAMOUNT,HISMEM,HISNUM) values (to_date('15/03/24','RR/MM/DD'),703,10003,100031503);
Insert into SUM.PAYHISTORY (HISDATE,HISAMOUNT,HISMEM,HISNUM) values (to_date('15/03/24','RR/MM/DD'),720,10004,100041503);
Insert into SUM.PAYHISTORY (HISDATE,HISAMOUNT,HISMEM,HISNUM) values (to_date('15/03/24','RR/MM/DD'),703,10005,100051503);
Insert into SUM.PAYHISTORY (HISDATE,HISAMOUNT,HISMEM,HISNUM) values (to_date('15/03/24','RR/MM/DD'),683,10006,100061503);
Insert into SUM.PAYHISTORY (HISDATE,HISAMOUNT,HISMEM,HISNUM) values (to_date('15/02/24','RR/MM/DD'),1583,10006,100061502);
Insert into SUM.PAYHISTORY (HISDATE,HISAMOUNT,HISMEM,HISNUM) values (to_date('15/02/24','RR/MM/DD'),1383,10005,100051502);
Insert into SUM.PAYHISTORY (HISDATE,HISAMOUNT,HISMEM,HISNUM) values (to_date('15/02/24','RR/MM/DD'),1300,10004,100041502);
Insert into SUM.PAYHISTORY (HISDATE,HISAMOUNT,HISMEM,HISNUM) values (to_date('15/02/24','RR/MM/DD'),1283,10003,100031502);
Insert into SUM.PAYHISTORY (HISDATE,HISAMOUNT,HISMEM,HISNUM) values (to_date('15/02/24','RR/MM/DD'),1183,10002,100021502);
Insert into SUM.PAYHISTORY (HISDATE,HISAMOUNT,HISMEM,HISNUM) values (to_date('15/02/24','RR/MM/DD'),1283,10001,100011502);
Insert into SUM.PAYHISTORY (HISDATE,HISAMOUNT,HISMEM,HISNUM) values (to_date('15/02/24','RR/MM/DD'),1483,10000,100001502);
Insert into SUM.PAYHISTORY (HISDATE,HISAMOUNT,HISMEM,HISNUM) values (to_date('15/01/24','RR/MM/DD'),823,10000,100001501);
Insert into SUM.PAYHISTORY (HISDATE,HISAMOUNT,HISMEM,HISNUM) values (to_date('15/01/24','RR/MM/DD'),823,10001,100011501);
Insert into SUM.PAYHISTORY (HISDATE,HISAMOUNT,HISMEM,HISNUM) values (to_date('15/01/24','RR/MM/DD'),823,10002,100021501);
Insert into SUM.PAYHISTORY (HISDATE,HISAMOUNT,HISMEM,HISNUM) values (to_date('15/01/24','RR/MM/DD'),823,10003,100031501);
Insert into SUM.PAYHISTORY (HISDATE,HISAMOUNT,HISMEM,HISNUM) values (to_date('15/01/24','RR/MM/DD'),840,10004,100041501);
Insert into SUM.PAYHISTORY (HISDATE,HISAMOUNT,HISMEM,HISNUM) values (to_date('15/01/24','RR/MM/DD'),823,10005,100051501);
Insert into SUM.PAYHISTORY (HISDATE,HISAMOUNT,HISMEM,HISNUM) values (to_date('15/01/24','RR/MM/DD'),823,10006,100061501);
Insert into SUM.PAYHISTORY (HISDATE,HISAMOUNT,HISMEM,HISNUM) values (to_date('15/06/24','RR/MM/DD'),166,10040,100401506);
Insert into SUM.PAYHISTORY (HISDATE,HISAMOUNT,HISMEM,HISNUM) values (to_date('15/06/24','RR/MM/DD'),166,10043,100431506);
Insert into SUM.PAYHISTORY (HISDATE,HISAMOUNT,HISMEM,HISNUM) values (to_date('15/06/24','RR/MM/DD'),166,10042,100421506);
Insert into SUM.PAYHISTORY (HISDATE,HISAMOUNT,HISMEM,HISNUM) values (to_date('15/06/24','RR/MM/DD'),416,10104,101041506);
Insert into SUM.PAYHISTORY (HISDATE,HISAMOUNT,HISMEM,HISNUM) values (to_date('15/06/24','RR/MM/DD'),416,10105,101051506);
Insert into SUM.PAYHISTORY (HISDATE,HISAMOUNT,HISMEM,HISNUM) values (to_date('15/06/24','RR/MM/DD'),416,10106,101061506);
Insert into SUM.PAYHISTORY (HISDATE,HISAMOUNT,HISMEM,HISNUM) values (to_date('15/06/24','RR/MM/DD'),416,10107,101071506);
Insert into SUM.PAYHISTORY (HISDATE,HISAMOUNT,HISMEM,HISNUM) values (to_date('15/06/24','RR/MM/DD'),416,10108,101081506);
Insert into SUM.PAYHISTORY (HISDATE,HISAMOUNT,HISMEM,HISNUM) values (to_date('15/06/24','RR/MM/DD'),416,10109,101091506);

--- sns
Insert into SUM.SNS (SNUM,SCONT,SIMG,SDATE,SDEPT,SMEM) values (2,'ㅁㅁ',null,to_date('15/07/18','RR/MM/DD'),100,10002);
Insert into SUM.SNS (SNUM,SCONT,SIMG,SDATE,SDEPT,SMEM) values (5,null,null,to_date('15/07/18','RR/MM/DD'),100,10001);
Insert into SUM.SNS (SNUM,SCONT,SIMG,SDATE,SDEPT,SMEM) values (6,'글',null,to_date('15/07/18','RR/MM/DD'),100,10001);
Insert into SUM.SNS (SNUM,SCONT,SIMG,SDATE,SDEPT,SMEM) values (7,'글글',null,to_date('15/07/18','RR/MM/DD'),100,10001);
Insert into SUM.SNS (SNUM,SCONT,SIMG,SDATE,SDEPT,SMEM) values (8,'ㅋㅋㅋㅋ',null,to_date('15/07/18','RR/MM/DD'),100,10001);
Insert into SUM.SNS (SNUM,SCONT,SIMG,SDATE,SDEPT,SMEM) values (9,'ㅎㅎㅎ',null,to_date('15/07/18','RR/MM/DD'),100,10003);
Insert into SUM.SNS (SNUM,SCONT,SIMG,SDATE,SDEPT,SMEM) values (10,'활동을 열심히 하자',null,to_date('15/07/18','RR/MM/DD'),100,10003);
Insert into SUM.SNS (SNUM,SCONT,SIMG,SDATE,SDEPT,SMEM) values (11,'ㅎㅎㅎㅎ',null,to_date('15/07/18','RR/MM/DD'),200,10004);
Insert into SUM.SNS (SNUM,SCONT,SIMG,SDATE,SDEPT,SMEM) values (13,'우리부서',null,to_date('15/07/18','RR/MM/DD'),200,10004);
Insert into SUM.SNS (SNUM,SCONT,SIMG,SDATE,SDEPT,SMEM) values (16,'ㅎㅎ ㅎㅎ',null,to_date('15/07/18','RR/MM/DD'),200,10004);
Insert into SUM.SNS (SNUM,SCONT,SIMG,SDATE,SDEPT,SMEM) values (22,null,null,to_date('15/07/18','RR/MM/DD'),200,10004);
Insert into SUM.SNS (SNUM,SCONT,SIMG,SDATE,SDEPT,SMEM) values (23,'ㅎ',null,to_date('15/07/18','RR/MM/DD'),200,10004);
Insert into SUM.SNS (SNUM,SCONT,SIMG,SDATE,SDEPT,SMEM) values (24,'ㅁㅁㅁ',null,to_date('15/07/18','RR/MM/DD'),200,10004);
Insert into SUM.SNS (SNUM,SCONT,SIMG,SDATE,SDEPT,SMEM) values (27,'됏다안됏다',null,to_date('15/07/18','RR/MM/DD'),300,10005);
Insert into SUM.SNS (SNUM,SCONT,SIMG,SDATE,SDEPT,SMEM) values (29,'음',null,to_date('15/07/18','RR/MM/DD'),300,10005);
Insert into SUM.SNS (SNUM,SCONT,SIMG,SDATE,SDEPT,SMEM) values (30,'ㅎㅎㅎ',null,to_date('15/07/18','RR/MM/DD'),300,10005);
Insert into SUM.SNS (SNUM,SCONT,SIMG,SDATE,SDEPT,SMEM) values (32,'ㅈㄷㄹㄴㅁ',null,to_date('15/07/18','RR/MM/DD'),300,10005);
Insert into SUM.SNS (SNUM,SCONT,SIMG,SDATE,SDEPT,SMEM) values (33,'우왕ㅇ',null,to_date('15/07/18','RR/MM/DD'),100,10006);
Insert into SUM.SNS (SNUM,SCONT,SIMG,SDATE,SDEPT,SMEM) values (34,'ㅎㅎㅎㅎ',null,to_date('15/07/18','RR/MM/DD'),100,10006);
Insert into SUM.SNS (SNUM,SCONT,SIMG,SDATE,SDEPT,SMEM) values (35,'ㅁㅋㅋㅋㅋ',null,to_date('15/07/18','RR/MM/DD'),100,10006);
Insert into SUM.SNS (SNUM,SCONT,SIMG,SDATE,SDEPT,SMEM) values (36,'야',null,to_date('15/07/20','RR/MM/DD'),100,10000);
Insert into SUM.SNS (SNUM,SCONT,SIMG,SDATE,SDEPT,SMEM) values (44,'ㅎ하ㅏㅎ',null,to_date('15/07/22','RR/MM/DD'),100,10002);
Insert into SUM.SNS (SNUM,SCONT,SIMG,SDATE,SDEPT,SMEM) values (61,'gkgkgk',null,to_date('15/07/23','RR/MM/DD'),100,10002);
Insert into SUM.SNS (SNUM,SCONT,SIMG,SDATE,SDEPT,SMEM) values (62,'나 인사부 입니까?',null,to_date('15/07/23','RR/MM/DD'),100,10007);
Insert into SUM.SNS (SNUM,SCONT,SIMG,SDATE,SDEPT,SMEM) values (81,'안녕하세요',null,to_date('15/07/24','RR/MM/DD'),100,10125);
Insert into SUM.SNS (SNUM,SCONT,SIMG,SDATE,SDEPT,SMEM) values (82,'안녕하세용용',null,to_date('15/07/24','RR/MM/DD'),300,10021);
Insert into SUM.SNS (SNUM,SCONT,SIMG,SDATE,SDEPT,SMEM) values (101,'zz',null,to_date('15/07/25','RR/MM/DD'),200,10004);


-- todo
Insert into SUM.TODO (TONUM,TOSTDATE,TOENDATE,TOTITLE,TOCONT,TOFILE,TODEPT,TOMEM,TOCONFIRM,TOCOMM) values (8,to_date('15/07/18','RR/MM/DD'),to_date('15/07/18','RR/MM/DD'),'업무3','중요한 업무',null,100,10003,'o','gg');
Insert into SUM.TODO (TONUM,TOSTDATE,TOENDATE,TOTITLE,TOCONT,TOFILE,TODEPT,TOMEM,TOCONFIRM,TOCOMM) values (9,to_date('15/07/18','RR/MM/DD'),to_date('15/07/18','RR/MM/DD'),'업무4','중요한 업무',null,100,10003,'o','gg');
Insert into SUM.TODO (TONUM,TOSTDATE,TOENDATE,TOTITLE,TOCONT,TOFILE,TODEPT,TOMEM,TOCONFIRM,TOCOMM) values (10,to_date('15/07/18','RR/MM/DD'),to_date('15/07/18','RR/MM/DD'),'업무5','중요한 업무',null,100,10003,'o','gg');
Insert into SUM.TODO (TONUM,TOSTDATE,TOENDATE,TOTITLE,TOCONT,TOFILE,TODEPT,TOMEM,TOCONFIRM,TOCOMM) values (11,to_date('15/07/18','RR/MM/DD'),to_date('15/07/18','RR/MM/DD'),'업무11','중요한 업무',null,200,10004,'o','gg');
Insert into SUM.TODO (TONUM,TOSTDATE,TOENDATE,TOTITLE,TOCONT,TOFILE,TODEPT,TOMEM,TOCONFIRM,TOCOMM) values (12,to_date('15/07/18','RR/MM/DD'),to_date('15/07/18','RR/MM/DD'),'업무12','중요한 업무',null,200,10004,'o','gg');
Insert into SUM.TODO (TONUM,TOSTDATE,TOENDATE,TOTITLE,TOCONT,TOFILE,TODEPT,TOMEM,TOCONFIRM,TOCOMM) values (6,to_date('15/07/18','RR/MM/DD'),to_date('15/07/18','RR/MM/DD'),'업무1','중요한 업무',null,100,10003,'o','gg');
Insert into SUM.TODO (TONUM,TOSTDATE,TOENDATE,TOTITLE,TOCONT,TOFILE,TODEPT,TOMEM,TOCONFIRM,TOCOMM) values (7,to_date('15/07/18','RR/MM/DD'),to_date('15/07/18','RR/MM/DD'),'업무2','중요한 업무',null,100,10003,'o','gg');
Insert into SUM.TODO (TONUM,TOSTDATE,TOENDATE,TOTITLE,TOCONT,TOFILE,TODEPT,TOMEM,TOCONFIRM,TOCOMM) values (13,to_date('15/07/18','RR/MM/DD'),to_date('15/07/18','RR/MM/DD'),'업무13','중요한 업무',null,200,10004,'o','gg');
Insert into SUM.TODO (TONUM,TOSTDATE,TOENDATE,TOTITLE,TOCONT,TOFILE,TODEPT,TOMEM,TOCONFIRM,TOCOMM) values (14,to_date('15/07/18','RR/MM/DD'),to_date('15/07/18','RR/MM/DD'),'업무14','중요한 업무',null,200,10004,'o','gg');
Insert into SUM.TODO (TONUM,TOSTDATE,TOENDATE,TOTITLE,TOCONT,TOFILE,TODEPT,TOMEM,TOCONFIRM,TOCOMM) values (15,to_date('15/07/18','RR/MM/DD'),to_date('15/07/18','RR/MM/DD'),'업무15','중요한 업무',null,200,10004,'o','gg');
Insert into SUM.TODO (TONUM,TOSTDATE,TOENDATE,TOTITLE,TOCONT,TOFILE,TODEPT,TOMEM,TOCONFIRM,TOCOMM) values (16,to_date('15/07/18','RR/MM/DD'),to_date('15/07/18','RR/MM/DD'),'업무16','중요한 업무',null,200,10004,'o','gg');
Insert into SUM.TODO (TONUM,TOSTDATE,TOENDATE,TOTITLE,TOCONT,TOFILE,TODEPT,TOMEM,TOCONFIRM,TOCOMM) values (17,to_date('15/07/18','RR/MM/DD'),to_date('15/07/18','RR/MM/DD'),'업무21','중요한 업무',null,300,10005,'o','gg');
Insert into SUM.TODO (TONUM,TOSTDATE,TOENDATE,TOTITLE,TOCONT,TOFILE,TODEPT,TOMEM,TOCONFIRM,TOCOMM) values (18,to_date('15/07/18','RR/MM/DD'),to_date('15/07/18','RR/MM/DD'),'업무22','중요한 업무',null,300,10005,'o','gg');
Insert into SUM.TODO (TONUM,TOSTDATE,TOENDATE,TOTITLE,TOCONT,TOFILE,TODEPT,TOMEM,TOCONFIRM,TOCOMM) values (19,to_date('15/07/18','RR/MM/DD'),to_date('15/07/18','RR/MM/DD'),'업무23','중요한 업무',null,300,10005,'o','gg');
Insert into SUM.TODO (TONUM,TOSTDATE,TOENDATE,TOTITLE,TOCONT,TOFILE,TODEPT,TOMEM,TOCONFIRM,TOCOMM) values (20,to_date('15/07/18','RR/MM/DD'),to_date('15/07/18','RR/MM/DD'),'업무24','중요한 업무',null,300,10005,'o','gg');
Insert into SUM.TODO (TONUM,TOSTDATE,TOENDATE,TOTITLE,TOCONT,TOFILE,TODEPT,TOMEM,TOCONFIRM,TOCOMM) values (21,to_date('15/07/18','RR/MM/DD'),to_date('15/07/18','RR/MM/DD'),'업무25','중요한 업무',null,300,10005,'o','gg');
Insert into SUM.TODO (TONUM,TOSTDATE,TOENDATE,TOTITLE,TOCONT,TOFILE,TODEPT,TOMEM,TOCONFIRM,TOCOMM) values (22,to_date('15/07/18','RR/MM/DD'),to_date('15/07/18','RR/MM/DD'),'업무25','중요한 업무',null,100,10006,'o','gg');
Insert into SUM.TODO (TONUM,TOSTDATE,TOENDATE,TOTITLE,TOCONT,TOFILE,TODEPT,TOMEM,TOCONFIRM,TOCOMM) values (23,to_date('15/07/18','RR/MM/DD'),to_date('15/07/18','RR/MM/DD'),'업무25','중요한 업무',null,100,10006,'o','gg');
Insert into SUM.TODO (TONUM,TOSTDATE,TOENDATE,TOTITLE,TOCONT,TOFILE,TODEPT,TOMEM,TOCONFIRM,TOCOMM) values (24,to_date('15/07/18','RR/MM/DD'),to_date('15/07/18','RR/MM/DD'),'업무25','중요한 업무',null,100,10006,'o','gg');
Insert into SUM.TODO (TONUM,TOSTDATE,TOENDATE,TOTITLE,TOCONT,TOFILE,TODEPT,TOMEM,TOCONFIRM,TOCOMM) values (25,to_date('15/07/18','RR/MM/DD'),to_date('15/07/18','RR/MM/DD'),'업무25','중요한 업무',null,100,10006,'o','gg');
Insert into SUM.TODO (TONUM,TOSTDATE,TOENDATE,TOTITLE,TOCONT,TOFILE,TODEPT,TOMEM,TOCONFIRM,TOCOMM) values (26,to_date('15/07/18','RR/MM/DD'),to_date('15/07/18','RR/MM/DD'),'업무25','중요한 업무',null,100,10006,'o','gg');
Insert into SUM.TODO (TONUM,TOSTDATE,TOENDATE,TOTITLE,TOCONT,TOFILE,TODEPT,TOMEM,TOCONFIRM,TOCOMM) values (27,to_date('15/07/18','RR/MM/DD'),to_date('15/07/18','RR/MM/DD'),'업무25','중요한 업무',null,100,10006,'o','gg');
Insert into SUM.TODO (TONUM,TOSTDATE,TOENDATE,TOTITLE,TOCONT,TOFILE,TODEPT,TOMEM,TOCONFIRM,TOCOMM) values (28,to_date('15/07/18','RR/MM/DD'),to_date('15/07/18','RR/MM/DD'),'업무25','중요한 업무',null,100,10006,'o','gg');
Insert into SUM.TODO (TONUM,TOSTDATE,TOENDATE,TOTITLE,TOCONT,TOFILE,TODEPT,TOMEM,TOCONFIRM,TOCOMM) values (29,to_date('15/07/18','RR/MM/DD'),to_date('15/07/18','RR/MM/DD'),'업무25','중요한 업무',null,100,10006,'o','gg');
Insert into SUM.TODO (TONUM,TOSTDATE,TOENDATE,TOTITLE,TOCONT,TOFILE,TODEPT,TOMEM,TOCONFIRM,TOCOMM) values (30,to_date('15/07/18','RR/MM/DD'),to_date('15/07/18','RR/MM/DD'),'업무25','중요한 업무',null,100,10006,'o','gg');
Insert into SUM.TODO (TONUM,TOSTDATE,TOENDATE,TOTITLE,TOCONT,TOFILE,TODEPT,TOMEM,TOCONFIRM,TOCOMM) values (41,to_date('15/07/23','RR/MM/DD'),to_date('15/07/24','RR/MM/DD'),'UI 수정','수정하시오','ex2.zip',100,10003,'y','하지뭐');
Insert into SUM.TODO (TONUM,TOSTDATE,TOENDATE,TOTITLE,TOCONT,TOFILE,TODEPT,TOMEM,TOCONFIRM,TOCOMM) values (61,to_date('15/07/23','RR/MM/DD'),to_date('15/07/23','RR/MM/DD'),'일과','할일',null,100,10003,'o','OK');
Insert into SUM.TODO (TONUM,TOSTDATE,TOENDATE,TOTITLE,TOCONT,TOFILE,TODEPT,TOMEM,TOCONFIRM,TOCOMM) values (62,to_date('15/07/22','RR/MM/DD'),to_date('15/07/22','RR/MM/DD'),'일과','할일',null,100,10003,'o','OK');
Insert into SUM.TODO (TONUM,TOSTDATE,TOENDATE,TOTITLE,TOCONT,TOFILE,TODEPT,TOMEM,TOCONFIRM,TOCOMM) values (63,to_date('15/07/21','RR/MM/DD'),to_date('15/07/21','RR/MM/DD'),'일과','할일',null,100,10003,'o','OK');
Insert into SUM.TODO (TONUM,TOSTDATE,TOENDATE,TOTITLE,TOCONT,TOFILE,TODEPT,TOMEM,TOCONFIRM,TOCOMM) values (64,to_date('15/07/20','RR/MM/DD'),to_date('15/07/20','RR/MM/DD'),'일과','할일',null,100,10003,'o','OK');
Insert into SUM.TODO (TONUM,TOSTDATE,TOENDATE,TOTITLE,TOCONT,TOFILE,TODEPT,TOMEM,TOCONFIRM,TOCOMM) values (65,to_date('15/07/19','RR/MM/DD'),to_date('15/07/19','RR/MM/DD'),'일과','할일',null,100,10003,'o','OK');
Insert into SUM.TODO (TONUM,TOSTDATE,TOENDATE,TOTITLE,TOCONT,TOFILE,TODEPT,TOMEM,TOCONFIRM,TOCOMM) values (66,to_date('15/07/18','RR/MM/DD'),to_date('15/07/18','RR/MM/DD'),'일과','할일',null,100,10003,'o','OK');
Insert into SUM.TODO (TONUM,TOSTDATE,TOENDATE,TOTITLE,TOCONT,TOFILE,TODEPT,TOMEM,TOCONFIRM,TOCOMM) values (67,to_date('15/07/17','RR/MM/DD'),to_date('15/07/17','RR/MM/DD'),'일과','할일',null,100,10003,'o','OK');
Insert into SUM.TODO (TONUM,TOSTDATE,TOENDATE,TOTITLE,TOCONT,TOFILE,TODEPT,TOMEM,TOCONFIRM,TOCOMM) values (68,to_date('15/07/16','RR/MM/DD'),to_date('15/07/16','RR/MM/DD'),'일과','할일',null,100,10003,'o','OK');
Insert into SUM.TODO (TONUM,TOSTDATE,TOENDATE,TOTITLE,TOCONT,TOFILE,TODEPT,TOMEM,TOCONFIRM,TOCOMM) values (69,to_date('15/07/15','RR/MM/DD'),to_date('15/07/15','RR/MM/DD'),'일과','할일',null,100,10003,'o','OK');
Insert into SUM.TODO (TONUM,TOSTDATE,TOENDATE,TOTITLE,TOCONT,TOFILE,TODEPT,TOMEM,TOCONFIRM,TOCOMM) values (70,to_date('15/07/14','RR/MM/DD'),to_date('15/07/14','RR/MM/DD'),'일과','할일',null,100,10003,'o','OK');
Insert into SUM.TODO (TONUM,TOSTDATE,TOENDATE,TOTITLE,TOCONT,TOFILE,TODEPT,TOMEM,TOCONFIRM,TOCOMM) values (71,to_date('15/07/13','RR/MM/DD'),to_date('15/07/13','RR/MM/DD'),'일과','할일',null,100,10003,'o','OK');
Insert into SUM.TODO (TONUM,TOSTDATE,TOENDATE,TOTITLE,TOCONT,TOFILE,TODEPT,TOMEM,TOCONFIRM,TOCOMM) values (72,to_date('15/07/12','RR/MM/DD'),to_date('15/07/12','RR/MM/DD'),'일과','할일',null,100,10003,'o','OK');
Insert into SUM.TODO (TONUM,TOSTDATE,TOENDATE,TOTITLE,TOCONT,TOFILE,TODEPT,TOMEM,TOCONFIRM,TOCOMM) values (73,to_date('15/07/11','RR/MM/DD'),to_date('15/07/11','RR/MM/DD'),'일과','할일',null,100,10003,'o','OK');
Insert into SUM.TODO (TONUM,TOSTDATE,TOENDATE,TOTITLE,TOCONT,TOFILE,TODEPT,TOMEM,TOCONFIRM,TOCOMM) values (74,to_date('15/07/10','RR/MM/DD'),to_date('15/07/10','RR/MM/DD'),'일과','할일',null,100,10003,'o','OK');
Insert into SUM.TODO (TONUM,TOSTDATE,TOENDATE,TOTITLE,TOCONT,TOFILE,TODEPT,TOMEM,TOCONFIRM,TOCOMM) values (75,to_date('15/07/09','RR/MM/DD'),to_date('15/07/09','RR/MM/DD'),'일과','할일',null,100,10003,'o','OK');
Insert into SUM.TODO (TONUM,TOSTDATE,TOENDATE,TOTITLE,TOCONT,TOFILE,TODEPT,TOMEM,TOCONFIRM,TOCOMM) values (76,to_date('15/07/08','RR/MM/DD'),to_date('15/07/08','RR/MM/DD'),'일과','할일',null,100,10003,'o','OK');
Insert into SUM.TODO (TONUM,TOSTDATE,TOENDATE,TOTITLE,TOCONT,TOFILE,TODEPT,TOMEM,TOCONFIRM,TOCOMM) values (77,to_date('15/07/07','RR/MM/DD'),to_date('15/07/07','RR/MM/DD'),'일과','할일',null,100,10003,'o','OK');
Insert into SUM.TODO (TONUM,TOSTDATE,TOENDATE,TOTITLE,TOCONT,TOFILE,TODEPT,TOMEM,TOCONFIRM,TOCOMM) values (78,to_date('15/07/06','RR/MM/DD'),to_date('15/07/06','RR/MM/DD'),'일과','할일',null,100,10003,'o','OK');
Insert into SUM.TODO (TONUM,TOSTDATE,TOENDATE,TOTITLE,TOCONT,TOFILE,TODEPT,TOMEM,TOCONFIRM,TOCOMM) values (79,to_date('15/07/05','RR/MM/DD'),to_date('15/07/05','RR/MM/DD'),'일과','할일',null,100,10003,'o','OK');
Insert into SUM.TODO (TONUM,TOSTDATE,TOENDATE,TOTITLE,TOCONT,TOFILE,TODEPT,TOMEM,TOCONFIRM,TOCOMM) values (80,to_date('15/07/04','RR/MM/DD'),to_date('15/07/04','RR/MM/DD'),'일과','할일',null,100,10003,'o','OK');
Insert into SUM.TODO (TONUM,TOSTDATE,TOENDATE,TOTITLE,TOCONT,TOFILE,TODEPT,TOMEM,TOCONFIRM,TOCOMM) values (81,to_date('15/07/03','RR/MM/DD'),to_date('15/07/03','RR/MM/DD'),'일과','할일',null,100,10003,'o','OK');
Insert into SUM.TODO (TONUM,TOSTDATE,TOENDATE,TOTITLE,TOCONT,TOFILE,TODEPT,TOMEM,TOCONFIRM,TOCOMM) values (82,to_date('15/07/02','RR/MM/DD'),to_date('15/07/02','RR/MM/DD'),'일과','할일',null,100,10003,'o','OK');
Insert into SUM.TODO (TONUM,TOSTDATE,TOENDATE,TOTITLE,TOCONT,TOFILE,TODEPT,TOMEM,TOCONFIRM,TOCOMM) values (83,to_date('15/07/01','RR/MM/DD'),to_date('15/07/01','RR/MM/DD'),'일과','할일',null,100,10003,'o','OK');
Insert into SUM.TODO (TONUM,TOSTDATE,TOENDATE,TOTITLE,TOCONT,TOFILE,TODEPT,TOMEM,TOCONFIRM,TOCOMM) values (84,to_date('15/06/30','RR/MM/DD'),to_date('15/06/30','RR/MM/DD'),'일과','할일',null,100,10003,'o','OK');
Insert into SUM.TODO (TONUM,TOSTDATE,TOENDATE,TOTITLE,TOCONT,TOFILE,TODEPT,TOMEM,TOCONFIRM,TOCOMM) values (85,to_date('15/06/29','RR/MM/DD'),to_date('15/06/29','RR/MM/DD'),'일과','할일',null,100,10003,'o','OK');
Insert into SUM.TODO (TONUM,TOSTDATE,TOENDATE,TOTITLE,TOCONT,TOFILE,TODEPT,TOMEM,TOCONFIRM,TOCOMM) values (86,to_date('15/06/28','RR/MM/DD'),to_date('15/06/28','RR/MM/DD'),'일과','할일',null,100,10003,'o','OK');
Insert into SUM.TODO (TONUM,TOSTDATE,TOENDATE,TOTITLE,TOCONT,TOFILE,TODEPT,TOMEM,TOCONFIRM,TOCOMM) values (87,to_date('15/06/27','RR/MM/DD'),to_date('15/06/27','RR/MM/DD'),'일과','할일',null,100,10003,'o','OK');
Insert into SUM.TODO (TONUM,TOSTDATE,TOENDATE,TOTITLE,TOCONT,TOFILE,TODEPT,TOMEM,TOCONFIRM,TOCOMM) values (88,to_date('15/06/26','RR/MM/DD'),to_date('15/06/26','RR/MM/DD'),'일과','할일',null,100,10003,'o','OK');
Insert into SUM.TODO (TONUM,TOSTDATE,TOENDATE,TOTITLE,TOCONT,TOFILE,TODEPT,TOMEM,TOCONFIRM,TOCOMM) values (89,to_date('15/06/25','RR/MM/DD'),to_date('15/06/25','RR/MM/DD'),'일과','할일',null,100,10003,'o','OK');
Insert into SUM.TODO (TONUM,TOSTDATE,TOENDATE,TOTITLE,TOCONT,TOFILE,TODEPT,TOMEM,TOCONFIRM,TOCOMM) values (90,to_date('15/06/24','RR/MM/DD'),to_date('15/06/24','RR/MM/DD'),'일과','할일',null,100,10003,'o','OK');
Insert into SUM.TODO (TONUM,TOSTDATE,TOENDATE,TOTITLE,TOCONT,TOFILE,TODEPT,TOMEM,TOCONFIRM,TOCOMM) values (91,to_date('15/06/23','RR/MM/DD'),to_date('15/06/23','RR/MM/DD'),'일과','할일',null,100,10003,'o','OK');
Insert into SUM.TODO (TONUM,TOSTDATE,TOENDATE,TOTITLE,TOCONT,TOFILE,TODEPT,TOMEM,TOCONFIRM,TOCOMM) values (92,to_date('15/06/22','RR/MM/DD'),to_date('15/06/22','RR/MM/DD'),'일과','할일',null,100,10003,'o','OK');
Insert into SUM.TODO (TONUM,TOSTDATE,TOENDATE,TOTITLE,TOCONT,TOFILE,TODEPT,TOMEM,TOCONFIRM,TOCOMM) values (93,to_date('15/06/21','RR/MM/DD'),to_date('15/06/21','RR/MM/DD'),'일과','할일',null,100,10003,'o','OK');
Insert into SUM.TODO (TONUM,TOSTDATE,TOENDATE,TOTITLE,TOCONT,TOFILE,TODEPT,TOMEM,TOCONFIRM,TOCOMM) values (94,to_date('15/06/20','RR/MM/DD'),to_date('15/06/20','RR/MM/DD'),'일과','할일',null,100,10003,'o','OK');
Insert into SUM.TODO (TONUM,TOSTDATE,TOENDATE,TOTITLE,TOCONT,TOFILE,TODEPT,TOMEM,TOCONFIRM,TOCOMM) values (95,to_date('15/06/19','RR/MM/DD'),to_date('15/06/19','RR/MM/DD'),'일과','할일',null,100,10003,'o','OK');
Insert into SUM.TODO (TONUM,TOSTDATE,TOENDATE,TOTITLE,TOCONT,TOFILE,TODEPT,TOMEM,TOCONFIRM,TOCOMM) values (96,to_date('15/06/18','RR/MM/DD'),to_date('15/06/18','RR/MM/DD'),'일과','할일',null,100,10003,'o','OK');
Insert into SUM.TODO (TONUM,TOSTDATE,TOENDATE,TOTITLE,TOCONT,TOFILE,TODEPT,TOMEM,TOCONFIRM,TOCOMM) values (97,to_date('15/06/17','RR/MM/DD'),to_date('15/06/17','RR/MM/DD'),'일과','할일',null,100,10003,'o','OK');
Insert into SUM.TODO (TONUM,TOSTDATE,TOENDATE,TOTITLE,TOCONT,TOFILE,TODEPT,TOMEM,TOCONFIRM,TOCOMM) values (98,to_date('15/06/16','RR/MM/DD'),to_date('15/06/16','RR/MM/DD'),'일과','할일',null,100,10003,'o','OK');
Insert into SUM.TODO (TONUM,TOSTDATE,TOENDATE,TOTITLE,TOCONT,TOFILE,TODEPT,TOMEM,TOCONFIRM,TOCOMM) values (99,to_date('15/06/15','RR/MM/DD'),to_date('15/06/15','RR/MM/DD'),'일과','할일',null,100,10003,'o','OK');
Insert into SUM.TODO (TONUM,TOSTDATE,TOENDATE,TOTITLE,TOCONT,TOFILE,TODEPT,TOMEM,TOCONFIRM,TOCOMM) values (100,to_date('15/06/14','RR/MM/DD'),to_date('15/06/14','RR/MM/DD'),'일과','할일',null,100,10003,'o','OK');
Insert into SUM.TODO (TONUM,TOSTDATE,TOENDATE,TOTITLE,TOCONT,TOFILE,TODEPT,TOMEM,TOCONFIRM,TOCOMM) values (101,to_date('15/07/24','RR/MM/DD'),to_date('15/07/24','RR/MM/DD'),'업무1','중요한 일입니다.',null,300,10105,'o','go');
Insert into SUM.TODO (TONUM,TOSTDATE,TOENDATE,TOTITLE,TOCONT,TOFILE,TODEPT,TOMEM,TOCONFIRM,TOCOMM) values (102,to_date('15/07/24','RR/MM/DD'),to_date('15/07/24','RR/MM/DD'),'업무1','중요한 일입니다.',null,300,10105,'o','go');
Insert into SUM.TODO (TONUM,TOSTDATE,TOENDATE,TOTITLE,TOCONT,TOFILE,TODEPT,TOMEM,TOCONFIRM,TOCOMM) values (103,to_date('15/07/24','RR/MM/DD'),to_date('15/07/24','RR/MM/DD'),'업무1','중요한 일입니다.',null,300,10105,'o','go');
Insert into SUM.TODO (TONUM,TOSTDATE,TOENDATE,TOTITLE,TOCONT,TOFILE,TODEPT,TOMEM,TOCONFIRM,TOCOMM) values (104,to_date('15/07/24','RR/MM/DD'),to_date('15/07/24','RR/MM/DD'),'업무1','중요한 일입니다.',null,300,10105,'o','go');
Insert into SUM.TODO (TONUM,TOSTDATE,TOENDATE,TOTITLE,TOCONT,TOFILE,TODEPT,TOMEM,TOCONFIRM,TOCOMM) values (105,to_date('15/07/24','RR/MM/DD'),to_date('15/07/24','RR/MM/DD'),'업무1','중요한 일입니다.',null,300,10105,'o','go');
Insert into SUM.TODO (TONUM,TOSTDATE,TOENDATE,TOTITLE,TOCONT,TOFILE,TODEPT,TOMEM,TOCONFIRM,TOCOMM) values (106,to_date('15/07/24','RR/MM/DD'),to_date('15/07/24','RR/MM/DD'),'업무1','중요한 일입니다.',null,300,10105,'o','go');
Insert into SUM.TODO (TONUM,TOSTDATE,TOENDATE,TOTITLE,TOCONT,TOFILE,TODEPT,TOMEM,TOCONFIRM,TOCOMM) values (107,to_date('15/07/24','RR/MM/DD'),to_date('15/07/24','RR/MM/DD'),'업무1','중요한 일입니다.',null,300,10105,'o','go');
Insert into SUM.TODO (TONUM,TOSTDATE,TOENDATE,TOTITLE,TOCONT,TOFILE,TODEPT,TOMEM,TOCONFIRM,TOCOMM) values (108,to_date('15/07/24','RR/MM/DD'),to_date('15/07/24','RR/MM/DD'),'업무1','중요한 일입니다.',null,300,10105,'o','go');
Insert into SUM.TODO (TONUM,TOSTDATE,TOENDATE,TOTITLE,TOCONT,TOFILE,TODEPT,TOMEM,TOCONFIRM,TOCOMM) values (109,to_date('15/07/24','RR/MM/DD'),to_date('15/07/24','RR/MM/DD'),'업무1','중요한 일입니다.',null,300,10105,'o','go');
Insert into SUM.TODO (TONUM,TOSTDATE,TOENDATE,TOTITLE,TOCONT,TOFILE,TODEPT,TOMEM,TOCONFIRM,TOCOMM) values (110,to_date('15/07/24','RR/MM/DD'),to_date('15/07/24','RR/MM/DD'),'업무1','중요한 일입니다.',null,300,10105,'o','go');
Insert into SUM.TODO (TONUM,TOSTDATE,TOENDATE,TOTITLE,TOCONT,TOFILE,TODEPT,TOMEM,TOCONFIRM,TOCOMM) values (111,to_date('15/07/24','RR/MM/DD'),to_date('15/07/24','RR/MM/DD'),'업무1','중요한 일입니다.',null,300,10105,'o','go');
Insert into SUM.TODO (TONUM,TOSTDATE,TOENDATE,TOTITLE,TOCONT,TOFILE,TODEPT,TOMEM,TOCONFIRM,TOCOMM) values (112,to_date('15/07/24','RR/MM/DD'),to_date('15/07/24','RR/MM/DD'),'업무1','중요한 일입니다.',null,300,10105,'o','go');
Insert into SUM.TODO (TONUM,TOSTDATE,TOENDATE,TOTITLE,TOCONT,TOFILE,TODEPT,TOMEM,TOCONFIRM,TOCOMM) values (113,to_date('15/07/24','RR/MM/DD'),to_date('15/07/24','RR/MM/DD'),'업무1','중요한 일입니다.',null,300,10105,'o','go');
Insert into SUM.TODO (TONUM,TOSTDATE,TOENDATE,TOTITLE,TOCONT,TOFILE,TODEPT,TOMEM,TOCONFIRM,TOCOMM) values (114,to_date('15/07/24','RR/MM/DD'),to_date('15/07/24','RR/MM/DD'),'업무1','중요한 일입니다.',null,300,10105,'o','go');
Insert into SUM.TODO (TONUM,TOSTDATE,TOENDATE,TOTITLE,TOCONT,TOFILE,TODEPT,TOMEM,TOCONFIRM,TOCOMM) values (115,to_date('15/07/24','RR/MM/DD'),to_date('15/07/24','RR/MM/DD'),'업무1','중요한 일입니다.',null,300,10105,'o','go');
Insert into SUM.TODO (TONUM,TOSTDATE,TOENDATE,TOTITLE,TOCONT,TOFILE,TODEPT,TOMEM,TOCONFIRM,TOCOMM) values (116,to_date('15/07/24','RR/MM/DD'),to_date('15/07/24','RR/MM/DD'),'업무1','중요한 일입니다.',null,300,10104,'o','go');
Insert into SUM.TODO (TONUM,TOSTDATE,TOENDATE,TOTITLE,TOCONT,TOFILE,TODEPT,TOMEM,TOCONFIRM,TOCOMM) values (117,to_date('15/07/24','RR/MM/DD'),to_date('15/07/24','RR/MM/DD'),'업무1','중요한 일입니다.',null,300,10104,'o','go');
Insert into SUM.TODO (TONUM,TOSTDATE,TOENDATE,TOTITLE,TOCONT,TOFILE,TODEPT,TOMEM,TOCONFIRM,TOCOMM) values (118,to_date('15/07/24','RR/MM/DD'),to_date('15/07/24','RR/MM/DD'),'업무1','중요한 일입니다.',null,300,10104,'o','go');
Insert into SUM.TODO (TONUM,TOSTDATE,TOENDATE,TOTITLE,TOCONT,TOFILE,TODEPT,TOMEM,TOCONFIRM,TOCOMM) values (119,to_date('15/07/24','RR/MM/DD'),to_date('15/07/24','RR/MM/DD'),'업무1','중요한 일입니다.',null,300,10104,'o','go');
Insert into SUM.TODO (TONUM,TOSTDATE,TOENDATE,TOTITLE,TOCONT,TOFILE,TODEPT,TOMEM,TOCONFIRM,TOCOMM) values (120,to_date('15/07/24','RR/MM/DD'),to_date('15/07/24','RR/MM/DD'),'업무1','중요한 일입니다.',null,300,10104,'o','go');
Insert into SUM.TODO (TONUM,TOSTDATE,TOENDATE,TOTITLE,TOCONT,TOFILE,TODEPT,TOMEM,TOCONFIRM,TOCOMM) values (121,to_date('15/07/24','RR/MM/DD'),to_date('15/07/24','RR/MM/DD'),'업무1','중요한 일입니다.',null,300,10104,'o','go');
Insert into SUM.TODO (TONUM,TOSTDATE,TOENDATE,TOTITLE,TOCONT,TOFILE,TODEPT,TOMEM,TOCONFIRM,TOCOMM) values (122,to_date('15/07/24','RR/MM/DD'),to_date('15/07/24','RR/MM/DD'),'업무1','중요한 일입니다.',null,300,10104,'o','go');
Insert into SUM.TODO (TONUM,TOSTDATE,TOENDATE,TOTITLE,TOCONT,TOFILE,TODEPT,TOMEM,TOCONFIRM,TOCOMM) values (123,to_date('15/07/24','RR/MM/DD'),to_date('15/07/24','RR/MM/DD'),'업무1','중요한 일입니다.',null,300,10104,'o','go');
Insert into SUM.TODO (TONUM,TOSTDATE,TOENDATE,TOTITLE,TOCONT,TOFILE,TODEPT,TOMEM,TOCONFIRM,TOCOMM) values (124,to_date('15/07/24','RR/MM/DD'),to_date('15/07/24','RR/MM/DD'),'업무1','중요한 일입니다.',null,400,10117,'o','go');
Insert into SUM.TODO (TONUM,TOSTDATE,TOENDATE,TOTITLE,TOCONT,TOFILE,TODEPT,TOMEM,TOCONFIRM,TOCOMM) values (125,to_date('15/07/24','RR/MM/DD'),to_date('15/07/24','RR/MM/DD'),'업무1','중요한 일입니다.',null,400,10117,'o','go');
Insert into SUM.TODO (TONUM,TOSTDATE,TOENDATE,TOTITLE,TOCONT,TOFILE,TODEPT,TOMEM,TOCONFIRM,TOCOMM) values (126,to_date('15/07/24','RR/MM/DD'),to_date('15/07/24','RR/MM/DD'),'업무1','중요한 일입니다.',null,400,10117,'o','go');
Insert into SUM.TODO (TONUM,TOSTDATE,TOENDATE,TOTITLE,TOCONT,TOFILE,TODEPT,TOMEM,TOCONFIRM,TOCOMM) values (127,to_date('15/07/24','RR/MM/DD'),to_date('15/07/24','RR/MM/DD'),'업무1','중요한 일입니다.',null,400,10117,'o','go');
Insert into SUM.TODO (TONUM,TOSTDATE,TOENDATE,TOTITLE,TOCONT,TOFILE,TODEPT,TOMEM,TOCONFIRM,TOCOMM) values (128,to_date('15/07/24','RR/MM/DD'),to_date('15/07/24','RR/MM/DD'),'업무1','중요한 일입니다.',null,400,10117,'o','go');
Insert into SUM.TODO (TONUM,TOSTDATE,TOENDATE,TOTITLE,TOCONT,TOFILE,TODEPT,TOMEM,TOCONFIRM,TOCOMM) values (129,to_date('15/07/24','RR/MM/DD'),to_date('15/07/24','RR/MM/DD'),'업무1','중요한 일입니다.',null,400,10117,'o','go');
Insert into SUM.TODO (TONUM,TOSTDATE,TOENDATE,TOTITLE,TOCONT,TOFILE,TODEPT,TOMEM,TOCONFIRM,TOCOMM) values (130,to_date('15/07/24','RR/MM/DD'),to_date('15/07/24','RR/MM/DD'),'업무1','중요한 일입니다.',null,400,10117,'o','go');
Insert into SUM.TODO (TONUM,TOSTDATE,TOENDATE,TOTITLE,TOCONT,TOFILE,TODEPT,TOMEM,TOCONFIRM,TOCOMM) values (131,to_date('15/07/24','RR/MM/DD'),to_date('15/07/24','RR/MM/DD'),'업무1','중요한 일입니다.',null,400,10117,'o','go');
Insert into SUM.TODO (TONUM,TOSTDATE,TOENDATE,TOTITLE,TOCONT,TOFILE,TODEPT,TOMEM,TOCONFIRM,TOCOMM) values (132,to_date('15/07/24','RR/MM/DD'),to_date('15/07/24','RR/MM/DD'),'업무1','중요한 일입니다.',null,400,10117,'o','go');
Insert into SUM.TODO (TONUM,TOSTDATE,TOENDATE,TOTITLE,TOCONT,TOFILE,TODEPT,TOMEM,TOCONFIRM,TOCOMM) values (133,to_date('15/07/24','RR/MM/DD'),to_date('15/07/24','RR/MM/DD'),'업무1','중요한 일입니다.',null,400,10117,'o','go');
Insert into SUM.TODO (TONUM,TOSTDATE,TOENDATE,TOTITLE,TOCONT,TOFILE,TODEPT,TOMEM,TOCONFIRM,TOCOMM) values (134,to_date('15/07/24','RR/MM/DD'),to_date('15/07/24','RR/MM/DD'),'업무1','중요한 일입니다.',null,400,10117,'o','go');
Insert into SUM.TODO (TONUM,TOSTDATE,TOENDATE,TOTITLE,TOCONT,TOFILE,TODEPT,TOMEM,TOCONFIRM,TOCOMM) values (135,to_date('15/07/24','RR/MM/DD'),to_date('15/07/24','RR/MM/DD'),'업무1','중요한 일입니다.',null,400,10117,'o','go');
Insert into SUM.TODO (TONUM,TOSTDATE,TOENDATE,TOTITLE,TOCONT,TOFILE,TODEPT,TOMEM,TOCONFIRM,TOCOMM) values (136,to_date('15/07/24','RR/MM/DD'),to_date('15/07/24','RR/MM/DD'),'업무1','중요한 일입니다.',null,400,10117,'o','go');
Insert into SUM.TODO (TONUM,TOSTDATE,TOENDATE,TOTITLE,TOCONT,TOFILE,TODEPT,TOMEM,TOCONFIRM,TOCOMM) values (137,to_date('15/07/24','RR/MM/DD'),to_date('15/07/24','RR/MM/DD'),'업무1','중요한 일입니다.',null,400,10117,'o','go');
Insert into SUM.TODO (TONUM,TOSTDATE,TOENDATE,TOTITLE,TOCONT,TOFILE,TODEPT,TOMEM,TOCONFIRM,TOCOMM) values (138,to_date('15/07/24','RR/MM/DD'),to_date('15/07/24','RR/MM/DD'),'업무1','중요한 일입니다.',null,400,10116,'o','go');
Insert into SUM.TODO (TONUM,TOSTDATE,TOENDATE,TOTITLE,TOCONT,TOFILE,TODEPT,TOMEM,TOCONFIRM,TOCOMM) values (139,to_date('15/07/24','RR/MM/DD'),to_date('15/07/24','RR/MM/DD'),'업무1','중요한 일입니다.',null,400,10116,'o','go');
Insert into SUM.TODO (TONUM,TOSTDATE,TOENDATE,TOTITLE,TOCONT,TOFILE,TODEPT,TOMEM,TOCONFIRM,TOCOMM) values (140,to_date('15/07/24','RR/MM/DD'),to_date('15/07/24','RR/MM/DD'),'업무1','중요한 일입니다.',null,400,10116,'o','go');
Insert into SUM.TODO (TONUM,TOSTDATE,TOENDATE,TOTITLE,TOCONT,TOFILE,TODEPT,TOMEM,TOCONFIRM,TOCOMM) values (141,to_date('15/07/24','RR/MM/DD'),to_date('15/07/24','RR/MM/DD'),'업무1','중요한 일입니다.',null,400,10116,'o','go');
Insert into SUM.TODO (TONUM,TOSTDATE,TOENDATE,TOTITLE,TOCONT,TOFILE,TODEPT,TOMEM,TOCONFIRM,TOCOMM) values (142,to_date('15/07/24','RR/MM/DD'),to_date('15/07/24','RR/MM/DD'),'업무1','중요한 일입니다.',null,500,10119,'o','go');
Insert into SUM.TODO (TONUM,TOSTDATE,TOENDATE,TOTITLE,TOCONT,TOFILE,TODEPT,TOMEM,TOCONFIRM,TOCOMM) values (143,to_date('15/07/24','RR/MM/DD'),to_date('15/07/24','RR/MM/DD'),'업무1','중요한 일입니다.',null,500,10119,'o','go');
Insert into SUM.TODO (TONUM,TOSTDATE,TOENDATE,TOTITLE,TOCONT,TOFILE,TODEPT,TOMEM,TOCONFIRM,TOCOMM) values (144,to_date('15/07/24','RR/MM/DD'),to_date('15/07/24','RR/MM/DD'),'업무1','중요한 일입니다.',null,500,10119,'o','go');
Insert into SUM.TODO (TONUM,TOSTDATE,TOENDATE,TOTITLE,TOCONT,TOFILE,TODEPT,TOMEM,TOCONFIRM,TOCOMM) values (145,to_date('15/07/24','RR/MM/DD'),to_date('15/07/24','RR/MM/DD'),'업무1','중요한 일입니다.',null,500,10119,'o','go');
Insert into SUM.TODO (TONUM,TOSTDATE,TOENDATE,TOTITLE,TOCONT,TOFILE,TODEPT,TOMEM,TOCONFIRM,TOCOMM) values (146,to_date('15/07/24','RR/MM/DD'),to_date('15/07/24','RR/MM/DD'),'업무1','중요한 일입니다.',null,500,10119,'o','go');
Insert into SUM.TODO (TONUM,TOSTDATE,TOENDATE,TOTITLE,TOCONT,TOFILE,TODEPT,TOMEM,TOCONFIRM,TOCOMM) values (147,to_date('15/07/24','RR/MM/DD'),to_date('15/07/24','RR/MM/DD'),'업무1','중요한 일입니다.',null,500,10118,'o','go');
Insert into SUM.TODO (TONUM,TOSTDATE,TOENDATE,TOTITLE,TOCONT,TOFILE,TODEPT,TOMEM,TOCONFIRM,TOCOMM) values (148,to_date('15/07/24','RR/MM/DD'),to_date('15/07/24','RR/MM/DD'),'업무1','중요한 일입니다.',null,500,10118,'o','go');
Insert into SUM.TODO (TONUM,TOSTDATE,TOENDATE,TOTITLE,TOCONT,TOFILE,TODEPT,TOMEM,TOCONFIRM,TOCOMM) values (149,to_date('15/07/24','RR/MM/DD'),to_date('15/07/24','RR/MM/DD'),'업무1','중요한 일입니다.',null,500,10118,'o','go');
Insert into SUM.TODO (TONUM,TOSTDATE,TOENDATE,TOTITLE,TOCONT,TOFILE,TODEPT,TOMEM,TOCONFIRM,TOCOMM) values (150,to_date('15/07/24','RR/MM/DD'),to_date('15/07/24','RR/MM/DD'),'업무1','중요한 일입니다.',null,100,10020,'o','go');
Insert into SUM.TODO (TONUM,TOSTDATE,TOENDATE,TOTITLE,TOCONT,TOFILE,TODEPT,TOMEM,TOCONFIRM,TOCOMM) values (151,to_date('15/07/24','RR/MM/DD'),to_date('15/07/24','RR/MM/DD'),'업무1','중요한 일입니다.',null,100,10020,'o','go');
Insert into SUM.TODO (TONUM,TOSTDATE,TOENDATE,TOTITLE,TOCONT,TOFILE,TODEPT,TOMEM,TOCONFIRM,TOCOMM) values (152,to_date('15/07/24','RR/MM/DD'),to_date('15/07/24','RR/MM/DD'),'업무1','중요한 일입니다.',null,100,10020,'o','go');
Insert into SUM.TODO (TONUM,TOSTDATE,TOENDATE,TOTITLE,TOCONT,TOFILE,TODEPT,TOMEM,TOCONFIRM,TOCOMM) values (153,to_date('15/07/24','RR/MM/DD'),to_date('15/07/24','RR/MM/DD'),'업무1','중요한 일입니다.',null,100,10020,'o','go');
Insert into SUM.TODO (TONUM,TOSTDATE,TOENDATE,TOTITLE,TOCONT,TOFILE,TODEPT,TOMEM,TOCONFIRM,TOCOMM) values (154,to_date('15/07/24','RR/MM/DD'),to_date('15/07/24','RR/MM/DD'),'업무1','중요한 일입니다.',null,100,10020,'o','go');
Insert into SUM.TODO (TONUM,TOSTDATE,TOENDATE,TOTITLE,TOCONT,TOFILE,TODEPT,TOMEM,TOCONFIRM,TOCOMM) values (155,to_date('15/07/24','RR/MM/DD'),to_date('15/07/24','RR/MM/DD'),'업무1','중요한 일입니다.',null,100,10020,'o','go');
Insert into SUM.TODO (TONUM,TOSTDATE,TOENDATE,TOTITLE,TOCONT,TOFILE,TODEPT,TOMEM,TOCONFIRM,TOCOMM) values (156,to_date('15/07/24','RR/MM/DD'),to_date('15/07/24','RR/MM/DD'),'업무1','중요한 일입니다.',null,100,10020,'o','go');
Insert into SUM.TODO (TONUM,TOSTDATE,TOENDATE,TOTITLE,TOCONT,TOFILE,TODEPT,TOMEM,TOCONFIRM,TOCOMM) values (157,to_date('15/07/24','RR/MM/DD'),to_date('15/07/24','RR/MM/DD'),'업무1','중요한 일입니다.',null,100,10020,'o','go');
Insert into SUM.TODO (TONUM,TOSTDATE,TOENDATE,TOTITLE,TOCONT,TOFILE,TODEPT,TOMEM,TOCONFIRM,TOCOMM) values (158,to_date('15/07/24','RR/MM/DD'),to_date('15/07/24','RR/MM/DD'),'업무1','중요한 일입니다.',null,100,10020,'o','go');
Insert into SUM.TODO (TONUM,TOSTDATE,TOENDATE,TOTITLE,TOCONT,TOFILE,TODEPT,TOMEM,TOCONFIRM,TOCOMM) values (159,to_date('15/07/24','RR/MM/DD'),to_date('15/07/24','RR/MM/DD'),'업무1','중요한 일입니다.',null,100,10020,'o','go');
Insert into SUM.TODO (TONUM,TOSTDATE,TOENDATE,TOTITLE,TOCONT,TOFILE,TODEPT,TOMEM,TOCONFIRM,TOCOMM) values (160,to_date('15/07/24','RR/MM/DD'),to_date('15/07/24','RR/MM/DD'),'업무1','중요한 일입니다.',null,100,10020,'o','go');
Insert into SUM.TODO (TONUM,TOSTDATE,TOENDATE,TOTITLE,TOCONT,TOFILE,TODEPT,TOMEM,TOCONFIRM,TOCOMM) values (161,to_date('15/07/24','RR/MM/DD'),to_date('15/07/24','RR/MM/DD'),'업무1','중요한 일입니다.',null,100,10020,'o','go');
Insert into SUM.TODO (TONUM,TOSTDATE,TOENDATE,TOTITLE,TOCONT,TOFILE,TODEPT,TOMEM,TOCONFIRM,TOCOMM) values (162,to_date('15/07/27','RR/MM/DD'),to_date('15/07/31','RR/MM/DD'),'프레젠테이션','이쁘게만들어주세요','그림(0326,27).pptx',100,10020,'y','넵넵');


---todojob
Insert into SUM.TODOJOB (JOBNUM,JOBTONUM,JOBMEMNUM,JOBCONT) values (1,41,10006,'ㅎ');
Insert into SUM.TODOJOB (JOBNUM,JOBTONUM,JOBMEMNUM,JOBCONT) values (21,162,10040,'목차');
Insert into SUM.TODOJOB (JOBNUM,JOBTONUM,JOBMEMNUM,JOBCONT) values (22,162,10042,'사진수집');
Insert into SUM.TODOJOB (JOBNUM,JOBTONUM,JOBMEMNUM,JOBCONT) values (23,162,10122,'템플릿 제작');
